,회사명,거래소코드,회계년도,상장폐지일,업종코드,산업코드,산업명,소속코드
0,(주)CMG제약,58820,2007/12,,1,32102,  의료용 물질 및 의약품 제조업,5
1,(주)DB하이텍,990,2007/12,,1,32601,"  전자부품, 컴퓨터, 영상, 음향 및 통신장비 제조업",1
2,(주)ES큐브,50120,2007/12,,1,74604,  도매 및 상품 중개업,5
3,(주)HJ중공업,97230,2007/12,,1,64102,  종합 건설업,1
4,(주)MH에탄올,23150,2007/12,,1,31101,  음료 제조업,1
5,(주)SH에너지화학,2360,2007/12,,1,32001,  화학물질 및 화학제품 제조업; 의약품 제외,1
6,(주)SIMPAC,9160,2007/12,,1,32401,  1차 금속 제조업,1
7,(주)SNT홀딩스,36530,2007/12,,1,137105,  전문 서비스업,1
8,(주)STX,11810,2007/12,,1,74608,  도매 및 상품 중개업,1
9,(주)TCC스틸,2710,2007/12,,1,32401,  1차 금속 제조업,1
10,(주)가비아,79940,2007/12,,1,105802,  출판업,5
11,(주)강원랜드,35250,2007/12,,1,189102,  스포츠 및 오락관련 서비스업,1
12,(주)강원에너지,114190,2007/11,,1,32501,  금속가공제품 제조업; 기계 및 가구 제외,5
13,(주)갤럭시아에스엠,11420,2007/12,,1,189101,  스포츠 및 오락관련 서비스업,1
14,(주)경농,2100,2007/12,,1,32003,  화학물질 및 화학제품 제조업; 의약품 제외,1
15,(주)경동나비엔,9450,2007/12,,1,32805,  전기장비 제조업,1
16,(주)경동인베스트,12320,2007/12,,1,137105,  전문 서비스업,1
17,(주)경방,50,2007/12,,1,74701,  소매업; 자동차 제외,1
18,(주)경보제약,214390,2007/12,,1,32101,  의료용 물질 및 의약품 제조업,1
19,(주)경인양행,12610,2007/12,,1,32001,  화학물질 및 화학제품 제조업; 의약품 제외,1
20,(주)고영테크놀러지,98460,2007/12,,1,32902,  기타 기계 및 장비 제조업,5
21,(주)골드앤에스,35290,2007/12,,1,105801,  출판업,5
22,(주)골프존뉴딘홀딩스,121440,2007/12,,1,74601,  도매 및 상품 중개업,5
23,(주)광림,14200,2007/12,,1,33001,  자동차 및 트레일러 제조업,6
24,(주)광명전기,17040,2007/12,,1,32801,  전기장비 제조업,1
25,(주)광무,29480,2007/12,,1,32604,"  전자부품, 컴퓨터, 영상, 음향 및 통신장비 제조업",5
26,(주)광주신세계,37710,2007/12,,1,74701,  소매업; 자동차 제외,1
27,(주)구영테크,53270,2007/12,,1,33003,  자동차 및 트레일러 제조업,5
28,(주)국동,5320,2007/12,,1,74604,  도매 및 상품 중개업,1
29,(주)국보,1140,2007/12,,1,84903,  육상운송 및 파이프라인 운송업,1
30,(주)국보디자인,66620,2007/12,,1,64204,  전문직별 공사업,5
31,(주)국순당,43650,2007/12,,1,31101,  음료 제조업,5
32,(주)국영지앤엠,6050,2007/12,,1,32301,  비금속 광물제품 제조업,5
33,(주)그래디언트,35080,2007/12,,1,74709,  소매업; 자동차 제외,5
34,(주)그리티,204020,2007/12,,1,31401,"  의복, 의복 액세서리 및 모피제품 제조업",5
35,(주)그린플러스,186230,2007/12,,1,32402,  1차 금속 제조업,5
36,(주)글로벌스탠다드테크놀로지,83450,2007/12,,1,32902,  기타 기계 및 장비 제조업,5
37,(주)금비,8870,2007/09,,1,32301,  비금속 광물제품 제조업,1
38,(주)금양,1570,2007/12,,1,32001,  화학물질 및 화학제품 제조업; 의약품 제외,1
39,(주)금호에이치티,214330,2007/12,,1,33003,  자동차 및 트레일러 제조업,1
40,(주)금화피에스시,36190,2007/12,,1,64203,  전문직별 공사업,5
41,(주)기가레인,49080,2007/12,,1,32902,  기타 기계 및 장비 제조업,5
42,(주)기산텔레콤,35460,2007/12,,1,32604,"  전자부품, 컴퓨터, 영상, 음향 및 통신장비 제조업",5
43,(주)까뮤이앤씨,13700,2007/12,,1,64101,  종합 건설업,1
44,(주)나노신소재,121600,2007/12,,1,32004,  화학물질 및 화학제품 제조업; 의약품 제외,5
45,(주)나노엔텍,39860,2007/12,,1,32701,"  의료, 정밀, 광학기기 및 시계 제조업",5
46,(주)나래나노텍,137080,2007/12,,1,32902,  기타 기계 및 장비 제조업,5
47,(주)나스미디어,89600,2007/12,,1,137103,  전문 서비스업,5
48,(주)나이스디앤비,130580,2007/12,,1,147509,  사업지원 서비스업,5
49,(주)나이스홀딩스,34310,2007/12,,1,137105,  전문 서비스업,1
50,(주)남선알미늄,8350,2007/12,,1,32402,  1차 금속 제조업,1
51,(주)남성,4270,2007/12,,1,74607,  도매 및 상품 중개업,1
52,(주)네오리진,94860,2007/12,,1,105802,  출판업,5
53,(주)네오위즈,95660,2007/12,,1,105802,  출판업,5
54,(주)네오위즈홀딩스,42420,2007/12,,1,105802,  출판업,5
55,(주)네오티스,85910,2007/12,,1,33003,  자동차 및 트레일러 제조업,5
56,(주)네오팜,92730,2007/06,,1,32004,  화학물질 및 화학제품 제조업; 의약품 제외,5
57,(주)네이처셀,7390,2007/12,,1,32101,  의료용 물질 및 의약품 제조업,5
58,(주)네패스,33640,2007/12,,1,32601,"  전자부품, 컴퓨터, 영상, 음향 및 통신장비 제조업",5
59,(주)넥센,5720,2007/12,,1,32201,  고무 및 플라스틱제품 제조업,1
60,(주)넥스턴바이오사이언스,89140,2007/12,,1,32902,  기타 기계 및 장비 제조업,5
61,(주)넥스트아이,137940,2007/12,,1,32702,"  의료, 정밀, 광학기기 및 시계 제조업",5
62,(주)노랑풍선,104620,2007/12,,1,147502,  사업지원 서비스업,5
63,(주)노루페인트,90350,2007/12,,1,32004,  화학물질 및 화학제품 제조업; 의약품 제외,1
64,(주)노루홀딩스,320,2007/12,,1,137105,  전문 서비스업,1
65,(주)노블엠앤비,106520,2007/12,,1,32703,"  의료, 정밀, 광학기기 및 시계 제조업",6
66,(주)녹십자,6280,2007/12,,1,32102,  의료용 물질 및 의약품 제조업,1
67,(주)녹십자엠에스,142280,2007/12,,1,32103,  의료용 물질 및 의약품 제조업,5
68,(주)녹십자홀딩스,5250,2007/12,,1,137105,  전문 서비스업,1
69,(주)녹원씨엔아이,65560,2007/12,,1,31801,  인쇄 및 기록매체 복제업,6
70,(주)농심,4370,2007/12,,1,31007,  식료품 제조업,1
71,(주)농심홀딩스,72710,2007/12,,1,137105,  전문 서비스업,1
72,(주)누리플랜,69140,2007/12,,1,32501,  금속가공제품 제조업; 기계 및 가구 제외,5
73,(주)누리플렉스,40160,2007/12,,1,105802,  출판업,5
74,(주)뉴보텍,60260,2007/12,,1,32202,  고무 및 플라스틱제품 제조업,5
75,(주)뉴인텍,12340,2007/12,,1,33003,  자동차 및 트레일러 제조업,5
76,(주)뉴파워프라즈마,144960,2007/12,,1,32902,  기타 기계 및 장비 제조업,5
77,(주)뉴프렉스,85670,2007/12,,1,32602,"  전자부품, 컴퓨터, 영상, 음향 및 통신장비 제조업",5
78,(주)다날,64260,2007/12,,1,105802,  출판업,5
79,(주)다산네트웍스,39560,2007/12,,1,32604,"  전자부품, 컴퓨터, 영상, 음향 및 통신장비 제조업",5
80,(주)다산솔루에타,154040,2007/12,,1,32602,"  전자부품, 컴퓨터, 영상, 음향 및 통신장비 제조업",5
81,(주)다우기술,23590,2007/12,,1,106301,  정보서비스업,1
82,(주)다우데이타,32190,2007/12,,1,74605,  도매 및 상품 중개업,5
83,(주)다원시스,68240,2007/12,,1,32801,  전기장비 제조업,5
84,(주)다이나믹디자인,145210,2007/12,,1,32902,  기타 기계 및 장비 제조업,1
85,(주)대교,19680,2007/12,,1,168501,  교육 서비스업,1
86,(주)대구백화점,6370,2007/03,,1,74701,  소매업; 자동차 제외,1
87,(주)대덕,8060,2007/12,,1,137105,  전문 서비스업,1
88,(주)대동,490,2007/12,,1,32902,  기타 기계 및 장비 제조업,1
89,(주)대동스틸,48470,2007/12,,1,32401,  1차 금속 제조업,5
90,(주)대륙제관,4780,2007/12,,1,32509,  금속가공제품 제조업; 기계 및 가구 제외,5
91,(주)대림제지,17650,2007/12,,1,31709,"  펄프, 종이 및 종이제품 제조업",5
92,(주)대명소노시즌,7720,2007/12,,1,74608,  도매 및 상품 중개업,5
93,(주)대성미생물연구소,36480,2007/12,,1,32102,  의료용 물질 및 의약품 제조업,5
94,(주)대성파인텍,104040,2007/12,,1,33003,  자동차 및 트레일러 제조업,5
95,(주)대성하이텍,129920,2007/12,,1,32902,  기타 기계 및 장비 제조업,5
96,(주)대양금속,9190,2007/12,,1,32401,  1차 금속 제조업,1
97,(주)대우건설,47040,2007/12,,1,64101,  종합 건설업,1
98,(주)대웅,3090,2007/03,,1,32102,  의료용 물질 및 의약품 제조업,1
99,(주)대웅제약,69620,2007/03,,1,32102,  의료용 물질 및 의약품 제조업,1
100,(주)대원,7680,2007/12,,1,64101,  종합 건설업,5
101,(주)대유,290380,2007/12,,1,32003,  화학물질 및 화학제품 제조업; 의약품 제외,6
102,(주)대유에이텍,2880,2007/12,,1,33003,  자동차 및 트레일러 제조업,1
103,(주)대유플러스,300,2007/12,,1,32604,"  전자부품, 컴퓨터, 영상, 음향 및 통신장비 제조업",3
104,(주)대창,12800,2007/12,,1,32402,  1차 금속 제조업,1
105,(주)대창솔루션,96350,2007/12,,1,32501,  금속가공제품 제조업; 기계 및 가구 제외,5
106,(주)대창스틸,140520,2007/12,,1,32401,  1차 금속 제조업,5
107,(주)대한과학,131220,2007/12,,1,74605,  도매 및 상품 중개업,5
108,(주)대한항공,3490,2007/12,,1,85101,  항공 운송업,1
109,(주)대현,16090,2007/12,,1,31401,"  의복, 의복 액세서리 및 모피제품 제조업",1
110,(주)대호에이엘,69460,2007/12,,1,32402,  1차 금속 제조업,1
111,(주)대호특수강,21040,2007/12,,1,32401,  1차 금속 제조업,5
112,(주)더존비즈온,12510,2007/12,,1,106201,"  컴퓨터 프로그래밍, 시스템 통합 및 관리업",1
113,(주)더코디,224060,2007/12,,1,32902,  기타 기계 및 장비 제조업,5
114,(주)덕성,4830,2007/12,,1,32202,  고무 및 플라스틱제품 제조업,1
115,(주)덕신하우징,90410,2007/12,,1,32501,  금속가공제품 제조업; 기계 및 가구 제외,5
116,(주)덴티움,145720,2007/12,,1,32701,"  의료, 정밀, 광학기기 및 시계 제조업",1
117,(주)도화엔지니어링,2150,2007/12,,1,137201,"  건축기술, 엔지니어링 및 기타 과학기술 서비스업",1
118,(주)동구바이오제약,6620,2007/12,,1,32102,  의료용 물질 및 의약품 제조업,5
119,(주)동국알앤에스,75970,2007/12,,1,32309,  비금속 광물제품 제조업,5
120,(주)동국에스엔씨,100130,2007/12,,1,32501,  금속가공제품 제조업; 기계 및 가구 제외,5
121,(주)동남합성,23450,2007/12,,1,32001,  화학물질 및 화학제품 제조업; 의약품 제외,1
122,(주)동방,4140,2007/12,,1,85209,  창고 및 운송관련 서비스업,1
123,(주)동방선기,99410,2007/12,,1,33101,  기타 운송장비 제조업,5
124,(주)동방아그로,7590,2007/12,,1,32003,  화학물질 및 화학제품 제조업; 의약품 제외,1
125,(주)동서,26960,2007/12,,1,74603,  도매 및 상품 중개업,1
126,(주)동성화인텍,33500,2007/12,,1,32001,  화학물질 및 화학제품 제조업; 의약품 제외,5
127,(주)동아엘텍,88130,2007/12,,1,32902,  기타 기계 및 장비 제조업,5
128,(주)동아지질,28100,2007/12,,1,64201,  전문직별 공사업,1
129,(주)동양,1520,2007/12,,1,32303,  비금속 광물제품 제조업,1
130,(주)동양고속,84670,2007/12,,1,84902,  육상운송 및 파이프라인 운송업,1
131,(주)동양에스텍,60380,2007/12,,1,32401,  1차 금속 제조업,5
132,(주)동우팜투테이블,88910,2007/12,,1,31001,  식료품 제조업,5
133,(주)동운아나텍,94170,2007/12,,1,32601,"  전자부품, 컴퓨터, 영상, 음향 및 통신장비 제조업",5
134,(주)동원개발,13120,2007/12,,1,64101,  종합 건설업,5
135,(주)동원에프앤비,49770,2007/12,,1,31007,  식료품 제조업,1
136,(주)동일기연,32960,2007/12,,1,32602,"  전자부품, 컴퓨터, 영상, 음향 및 통신장비 제조업",5
137,(주)동진쎄미켐,5290,2007/12,,1,32001,  화학물질 및 화학제품 제조업; 의약품 제외,5
138,(주)두산,150,2007/12,,1,137105,  전문 서비스업,1
139,(주)두산테스나,131970,2007/12,,1,137309,"  기타 전문, 과학 및 기술 서비스업",5
140,(주)두올,16740,2007/12,,1,33003,  자동차 및 트레일러 제조업,1
141,(주)듀오백,73190,2007/12,,1,33201,  가구 제조업,5
142,(주)드래곤플라이,30350,2007/12,,1,105802,  출판업,5
143,(주)드림어스컴퍼니,60570,2007/12,,1,106301,  정보서비스업,5
144,(주)드림텍,192650,2007/12,,1,32602,"  전자부품, 컴퓨터, 영상, 음향 및 통신장비 제조업",1
145,(주)디모아,16670,2007/12,,1,74607,  도매 및 상품 중개업,5
146,(주)디바이스이엔지,187870,2007/12,,1,32902,  기타 기계 및 장비 제조업,5
147,(주)디비아이엔씨,12030,2007/12,,1,106201,"  컴퓨터 프로그래밍, 시스템 통합 및 관리업",1
148,(주)디스플레이테크,66670,2007/12,,1,32602,"  전자부품, 컴퓨터, 영상, 음향 및 통신장비 제조업",5
149,(주)디아이,3160,2007/12,,1,32702,"  의료, 정밀, 광학기기 및 시계 제조업",1
150,(주)디아이씨,92200,2007/12,,1,33003,  자동차 및 트레일러 제조업,1
151,(주)디알비동일,4840,2007/12,,1,32201,  고무 및 플라스틱제품 제조업,1
152,(주)디에스이엔,65150,2007/12,,1,74603,  도매 및 상품 중개업,5
153,(주)디에스케이,109740,2007/12,,1,32902,  기타 기계 및 장비 제조업,5
154,(주)디에이치오토웨어,25440,2007/12,,1,32605,"  전자부품, 컴퓨터, 영상, 음향 및 통신장비 제조업",5
155,(주)디에이테크놀로지,196490,2007/12,,1,32902,  기타 기계 및 장비 제조업,5
156,(주)디에이피,66900,2007/12,,1,32602,"  전자부품, 컴퓨터, 영상, 음향 및 통신장비 제조업",5
157,(주)디엔에이링크,127120,2007/12,,1,137001,  연구개발업,5
158,(주)디엔에프,92070,2007/12,,1,32004,  화학물질 및 화학제품 제조업; 의약품 제외,5
159,(주)디엔오토모티브,7340,2007/12,,1,32802,  전기장비 제조업,1
160,(주)디엠에스,68790,2007/12,,1,32902,  기타 기계 및 장비 제조업,5
161,(주)디오,39840,2007/12,,1,32701,"  의료, 정밀, 광학기기 및 시계 제조업",5
162,(주)디이엔티,79810,2007/12,,1,32902,  기타 기계 및 장비 제조업,5
163,(주)디지아이,43360,2007/12,,1,32603,"  전자부품, 컴퓨터, 영상, 음향 및 통신장비 제조업",5
164,(주)디지캡,197140,2007/12,,1,105802,  출판업,5
165,(주)디지털대성,68930,2007/12,,1,168505,  교육 서비스업,5
166,(주)디지틀조선일보,33130,2007/12,,1,106301,  정보서비스업,5
167,(주)디티앤씨,187220,2007/12,,1,137209,"  건축기술, 엔지니어링 및 기타 과학기술 서비스업",5
168,(주)딜리,131180,2007/12,,1,32603,"  전자부품, 컴퓨터, 영상, 음향 및 통신장비 제조업",5
169,(주)라이온켐텍,171120,2007/12,,1,32004,  화학물질 및 화학제품 제조업; 의약품 제외,5
170,(주)라이트론,69540,2007/12,,1,32604,"  전자부품, 컴퓨터, 영상, 음향 및 통신장비 제조업",5
171,(주)락앤락,115390,2007/12,,1,32202,  고무 및 플라스틱제품 제조업,1
172,(주)랩지노믹스,84650,2007/12,,1,137001,  연구개발업,5
173,(주)레드캡투어,38390,2007/12,,1,147502,  사업지원 서비스업,5
174,(주)로보스타,90360,2007/12,,1,32902,  기타 기계 및 장비 제조업,5
175,(주)로지시스,67730,2007/12,,1,106201,"  컴퓨터 프로그래밍, 시스템 통합 및 관리업",5
176,(주)루멘스,38060,2007/12,,1,32601,"  전자부품, 컴퓨터, 영상, 음향 및 통신장비 제조업",5
177,(주)룽투코리아,60240,2007/12,,1,105802,  출판업,5
178,(주)리노스,39980,2007/12,,1,106201,"  컴퓨터 프로그래밍, 시스템 통합 및 관리업",5
179,(주)리더스코스메틱,16100,2007/12,,1,32004,  화학물질 및 화학제품 제조업; 의약품 제외,5
180,(주)리드,197210,2007/12,,1,32902,  기타 기계 및 장비 제조업,6
181,(주)리드코프,12700,2007/12,,1,74607,  도매 및 상품 중개업,5
182,(주)리튬포어스,73570,2007/12,,1,33309,  기타 제품 제조업,5
183,(주)링네트,42500,2007/12,,1,106201,"  컴퓨터 프로그래밍, 시스템 통합 및 관리업",5
184,(주)마니커,27740,2007/12,,1,31001,  식료품 제조업,1
185,(주)마이크로컨텍솔루션,98120,2007/12,,1,32602,"  전자부품, 컴퓨터, 영상, 음향 및 통신장비 제조업",5
186,(주)마이크로투나노,424980,2007/12,,1,32601,"  전자부품, 컴퓨터, 영상, 음향 및 통신장비 제조업",5
187,(주)마크로젠,38290,2007/06,,1,137309,"  기타 전문, 과학 및 기술 서비스업",5
188,(주)매커스,93520,2007/12,,1,74605,  도매 및 상품 중개업,5
189,(주)머큐리,100590,2007/12,,1,32604,"  전자부품, 컴퓨터, 영상, 음향 및 통신장비 제조업",5
190,(주)멀티캠퍼스,67280,2007/12,,1,168506,  교육 서비스업,5
191,(주)메디아나,41920,2007/12,,1,32701,"  의료, 정밀, 광학기기 및 시계 제조업",5
192,(주)메디톡스,86900,2007/12,,1,32101,  의료용 물질 및 의약품 제조업,5
193,(주)메디프론디비티,65650,2007/12,,1,74605,  도매 및 상품 중개업,5
194,(주)메카로,241770,2007/12,,1,32601,"  전자부품, 컴퓨터, 영상, 음향 및 통신장비 제조업",5
195,(주)메타랩스,90370,2007/12,,1,31401,"  의복, 의복 액세서리 및 모피제품 제조업",1
196,(주)메타바이오메드,59210,2007/12,,1,32103,  의료용 물질 및 의약품 제조업,5
197,(주)모나리자,12690,2007/12,,1,31709,"  펄프, 종이 및 종이제품 제조업",1
198,(주)모나미,5360,2007/12,,1,74604,  도매 및 상품 중개업,1
199,(주)모다이노칩,80420,2007/12,,1,74704,  소매업; 자동차 제외,5
200,(주)모두투어네트워크,80160,2007/12,,1,147502,  사업지원 서비스업,5
201,(주)모베이스,101330,2007/12,,1,32604,"  전자부품, 컴퓨터, 영상, 음향 및 통신장비 제조업",5
202,(주)모베이스전자,12860,2007/12,,1,33003,  자동차 및 트레일러 제조업,5
203,(주)모아텍,33200,2007/12,,1,32602,"  전자부품, 컴퓨터, 영상, 음향 및 통신장비 제조업",5
204,(주)모토닉,9680,2007/12,,1,33003,  자동차 및 트레일러 제조업,1
205,(주)모헨즈,6920,2007/12,,1,32303,  비금속 광물제품 제조업,5
206,(주)무궁화인포메이션테크놀로지,38340,2007/12,,1,32602,"  전자부품, 컴퓨터, 영상, 음향 및 통신장비 제조업",6
207,(주)무학,33920,2007/12,,1,31101,  음료 제조업,1
208,(주)미래아이앤지,7120,2007/12,,1,106201,"  컴퓨터 프로그래밍, 시스템 통합 및 관리업",1
209,(주)미래컴퍼니,49950,2007/12,,1,32902,  기타 기계 및 장비 제조업,5
210,(주)미코,59090,2007/12,,1,32601,"  전자부품, 컴퓨터, 영상, 음향 및 통신장비 제조업",5
211,(주)바른손,18700,2007/03,,1,74604,  도매 및 상품 중개업,5
212,(주)바른손이앤에이,35620,2007/12,,1,105901,  영상ㆍ오디오 기록물 제작 및 배급업,5
213,(주)바이넥스,53030,2007/12,,1,32102,  의료용 물질 및 의약품 제조업,5
214,(주)바이오노트,377740,2007/12,,1,32103,  의료용 물질 및 의약품 제조업,1
215,(주)바이오니아,64550,2007/12,,1,32103,  의료용 물질 및 의약품 제조업,5
216,(주)바이오솔루션,86820,2007/12,,1,32101,  의료용 물질 및 의약품 제조업,5
217,(주)바이오스마트,38460,2007/12,,1,32602,"  전자부품, 컴퓨터, 영상, 음향 및 통신장비 제조업",5
218,(주)바이오톡스텍,86040,2007/12,,1,137001,  연구개발업,5
219,(주)바텍,43150,2007/12,,1,32701,"  의료, 정밀, 광학기기 및 시계 제조업",5
220,(주)방림,3610,2007/09,,1,31302,  섬유제품 제조업; 의복제외,1
221,(주)백금티앤에이,46310,2007/12,,1,32604,"  전자부품, 컴퓨터, 영상, 음향 및 통신장비 제조업",5
222,(주)백산,35150,2007/12,,1,32202,  고무 및 플라스틱제품 제조업,1
223,(주)버킷스튜디오,66410,2007/12,,1,106102,  우편 및 통신업,6
224,(주)벽산,7210,2007/12,,1,32309,  비금속 광물제품 제조업,1
225,(주)보광산업,225530,2007/12,,1,32309,  비금속 광물제품 제조업,5
226,(주)보락,2760,2007/12,,1,32004,  화학물질 및 화학제품 제조업; 의약품 제외,1
227,(주)보령,3850,2007/12,,1,32102,  의료용 물질 및 의약품 제조업,1
228,(주)부-스타,8470,2007/12,,1,32501,  금속가공제품 제조업; 기계 및 가구 제외,5
229,(주)부방,14470,2007/12,,1,126801,  부동산업,5
230,(주)뷰웍스,100120,2007/12,,1,32701,"  의료, 정밀, 광학기기 및 시계 제조업",5
231,(주)브리지텍,64480,2007/12,,1,105802,  출판업,5
232,(주)브이티지엠피,18290,2007/09,,1,32004,  화학물질 및 화학제품 제조업; 의약품 제외,5
233,(주)블레이드엔터테인먼트,44480,2007/12,,1,32201,  고무 및 플라스틱제품 제조업,5
234,(주)블루콤,33560,2007/12,,1,32605,"  전자부품, 컴퓨터, 영상, 음향 및 통신장비 제조업",5
235,(주)비보존제약,82800,2007/12,,1,32102,  의료용 물질 및 의약품 제조업,5
236,(주)비비안,2070,2007/06,,1,31401,"  의복, 의복 액세서리 및 모피제품 제조업",1
237,(주)비상교육,100220,2007/12,,1,105801,  출판업,1
238,(주)비씨월드제약,200780,2007/12,,1,32102,  의료용 물질 및 의약품 제조업,5
239,(주)비아트론,141000,2007/12,,1,32902,  기타 기계 및 장비 제조업,5
240,(주)비에이치,90460,2007/12,,1,32602,"  전자부품, 컴퓨터, 영상, 음향 및 통신장비 제조업",1
241,(주)비엘팜텍,65170,2007/12,,1,74603,  도매 및 상품 중개업,5
242,(주)비엠티,86670,2007/12,,1,32901,  기타 기계 및 장비 제조업,5
243,(주)비와이씨,1460,2007/12,,1,31401,"  의복, 의복 액세서리 및 모피제품 제조업",1
244,(주)비지에프,27410,2007/12,,1,137105,  전문 서비스업,1
245,(주)비지에프에코머티리얼즈,126600,2007/12,,1,32002,  화학물질 및 화학제품 제조업; 의약품 제외,5
246,(주)비츠로셀,82920,2007/03,,1,32802,  전기장비 제조업,5
247,(주)비츠로시스,54220,2007/03,,1,32801,  전기장비 제조업,5
248,(주)비케이홀딩스,50090,2007/12,,1,32602,"  전자부품, 컴퓨터, 영상, 음향 및 통신장비 제조업",5
249,(주)비트컴퓨터,32850,2007/12,,1,105802,  출판업,5
250,(주)빅텍,65450,2007/12,,1,32702,"  의료, 정밀, 광학기기 및 시계 제조업",5
251,(주)빙그레,5180,2007/12,,1,31005,  식료품 제조업,1
252,(주)사조대림,3960,2007/03,,1,31002,  식료품 제조업,1
253,(주)사조오양,6090,2007/03,,1,31002,  식료품 제조업,1
254,(주)삼보판지,23600,2007/12,,1,31701,"  펄프, 종이 및 종이제품 제조업",5
255,(주)삼성출판사,68290,2007/12,,1,105801,  출판업,1
256,(주)삼양홀딩스,70,2007/12,,1,137105,  전문 서비스업,1
257,(주)삼에스코리아,60310,2007/03,,1,32602,"  전자부품, 컴퓨터, 영상, 음향 및 통신장비 제조업",5
258,(주)삼영,3720,2007/12,,1,32202,  고무 및 플라스틱제품 제조업,1
259,(주)삼영에스앤씨,361670,2007/12,,1,32602,"  전자부품, 컴퓨터, 영상, 음향 및 통신장비 제조업",5
260,(주)삼원강재,23000,2007/12,,1,33003,  자동차 및 트레일러 제조업,1
261,(주)삼익악기,2450,2007/12,,1,33302,  기타 제품 제조업,1
262,(주)삼일,32280,2007/12,,1,84903,  육상운송 및 파이프라인 운송업,5
263,(주)삼일기업공사,2290,2007/12,,1,64101,  종합 건설업,5
264,(주)삼일씨엔에스,4440,2007/12,,1,32303,  비금속 광물제품 제조업,1
265,(주)삼진,32750,2007/12,,1,32604,"  전자부품, 컴퓨터, 영상, 음향 및 통신장비 제조업",5
266,(주)삼진엘앤디,54090,2007/12,,1,33309,  기타 제품 제조업,5
267,(주)삼천리,4690,2007/12,,1,43502,"  전기, 가스, 증기 및 공기조절 공급업",1
268,(주)삼표시멘트,38500,2007/12,,1,32309,  비금속 광물제품 제조업,5
269,(주)삼화네트웍스,46390,2007/12,,1,105901,  영상ㆍ오디오 기록물 제작 및 배급업,5
270,(주)상보,27580,2007/12,,1,32202,  고무 및 플라스틱제품 제조업,5
271,(주)상상인,38540,2007/12,,1,106201,"  컴퓨터 프로그래밍, 시스템 통합 및 관리업",5
272,(주)상상인인더스트리,101000,2007/12,,1,32902,  기타 기계 및 장비 제조업,6
273,(주)상아프론테크,89980,2007/12,,1,32202,  고무 및 플라스틱제품 제조업,5
274,(주)상지카일룸,42940,2007/12,,1,64101,  종합 건설업,5
275,(주)새로닉스,42600,2007/12,,1,32602,"  전자부품, 컴퓨터, 영상, 음향 및 통신장비 제조업",5
276,(주)서린바이오사이언스,38070,2007/12,,1,74607,  도매 및 상품 중개업,5
277,(주)서부티엔디,6730,2007/12,,1,95501,  숙박업,5
278,(주)서산,79650,2007/12,,1,32303,  비금속 광물제품 제조업,5
279,(주)서연,7860,2007/12,,1,137105,  전문 서비스업,1
280,(주)서연탑메탈,19770,2007/12,,1,32902,  기타 기계 및 장비 제조업,5
281,(주)서울리거,43710,2007/12,,1,74607,  도매 및 상품 중개업,5
282,(주)서울옥션,63170,2007/12,,1,74601,  도매 및 상품 중개업,5
283,(주)서울제약,18680,2007/12,,1,32102,  의료용 물질 및 의약품 제조업,5
284,(주)서원,21050,2007/12,,1,32403,  1차 금속 제조업,1
285,(주)서원인텍,93920,2007/12,,1,32604,"  전자부품, 컴퓨터, 영상, 음향 및 통신장비 제조업",5
286,(주)서플러스글로벌,140070,2007/12,,1,74605,  도매 및 상품 중개업,5
287,(주)서한,11370,2007/12,,1,64101,  종합 건설업,5
288,(주)서흥,8490,2007/12,,1,32004,  화학물질 및 화학제품 제조업; 의약품 제외,1
289,(주)서희건설,35890,2007/12,,1,64101,  종합 건설업,5
290,(주)선광,3100,2007/12,,1,85209,  창고 및 운송관련 서비스업,5
291,(주)선앤엘,2820,2007/09,,1,31602,  목재 및 나무제품 제조업; 가구 제외,1
292,(주)선익시스템,171090,2007/12,,1,32902,  기타 기계 및 장비 제조업,5
293,(주)성광벤드,14620,2007/12,,1,32401,  1차 금속 제조업,5
294,(주)성도이엔지,37350,2007/12,,1,137201,"  건축기술, 엔지니어링 및 기타 과학기술 서비스업",5
295,(주)성안,11300,2007/12,,1,31302,  섬유제품 제조업; 의복제외,1
296,(주)성우하이텍,15750,2007/12,,1,33003,  자동차 및 트레일러 제조업,5
297,(주)성창오토텍,80470,2007/12,,1,33003,  자동차 및 트레일러 제조업,5
298,(주)세동,53060,2007/12,,1,33003,  자동차 및 트레일러 제조업,5
299,(주)세보엠이씨,11560,2007/12,,1,64202,  전문직별 공사업,5
300,(주)세아메카닉스,396300,2007/12,,1,32509,  금속가공제품 제조업; 기계 및 가구 제외,5
301,(주)세아베스틸지주,1430,2007/12,,1,32401,  1차 금속 제조업,1
302,(주)세아제강지주,3030,2007/12,,1,137105,  전문 서비스업,1
303,(주)세아특수강,19440,2007/12,,1,32401,  1차 금속 제조업,1
304,(주)세아홀딩스,58650,2007/12,,1,32401,  1차 금속 제조업,1
305,(주)세우글로벌,13000,2007/12,,1,74607,  도매 및 상품 중개업,1
306,(주)세운메디칼,100700,2007/12,,1,32103,  의료용 물질 및 의약품 제조업,5
307,(주)세원물산,24830,2007/12,,1,33003,  자동차 및 트레일러 제조업,5
308,(주)세원정공,21820,2007/06,,1,33003,  자동차 및 트레일러 제조업,1
309,(주)세이브존아이앤씨,67830,2007/12,,1,74701,  소매업; 자동차 제외,1
310,(주)세중,39310,2007/12,,1,105802,  출판업,5
311,(주)세진중공업,75580,2007/12,,1,33101,  기타 운송장비 제조업,1
312,(주)세진티에스,67770,2007/12,,1,32602,"  전자부품, 컴퓨터, 영상, 음향 및 통신장비 제조업",5
313,(주)세코닉스,53450,2007/12,,1,32703,"  의료, 정밀, 광학기기 및 시계 제조업",5
314,(주)셀루메드,49180,2007/12,,1,32101,  의료용 물질 및 의약품 제조업,5
315,(주)셀바스에이아이,108860,2007/12,,1,105802,  출판업,5
316,(주)셀트리온,68270,2007/12,,1,32101,  의료용 물질 및 의약품 제조업,1
317,(주)셀트리온제약,68760,2007/12,,1,32102,  의료용 물질 및 의약품 제조업,5
318,(주)셀트리온헬스케어,91990,2007/12,,1,74607,  도매 및 상품 중개업,5
319,(주)셀피글로벌,68940,2007/12,,1,32602,"  전자부품, 컴퓨터, 영상, 음향 및 통신장비 제조업",6
320,(주)소룩스,290690,2007/12,,1,32804,  전기장비 제조업,5
321,(주)소프트센,32680,2007/09,,1,106309,  정보서비스업,5
322,(주)손오공,66910,2007/12,,1,74607,  도매 및 상품 중개업,5
323,(주)솔고바이오메디칼,43100,2007/12,,1,32701,"  의료, 정밀, 광학기기 및 시계 제조업",5
324,(주)솔본,35610,2007/12,,1,137105,  전문 서비스업,5
325,(주)쇼박스,86980,2007/12,,1,105901,  영상ㆍ오디오 기록물 제작 및 배급업,5
326,(주)수산인더스트리,126720,2007/12,,1,64202,  전문직별 공사업,1
327,(주)수산중공업,17550,2007/12,,1,32902,  기타 기계 및 장비 제조업,1
328,(주)수성샐바시온,84180,2007/12,,1,32901,  기타 기계 및 장비 제조업,5
329,(주)슈프리마에이치큐,94840,2007/12,,1,32604,"  전자부품, 컴퓨터, 영상, 음향 및 통신장비 제조업",5
330,(주)스맥,99440,2007/12,,1,32902,  기타 기계 및 장비 제조업,5
331,(주)스카이문스테크놀로지,33790,2007/12,,1,105802,  출판업,5
332,(주)스타플렉스,115570,2007/12,,1,32202,  고무 및 플라스틱제품 제조업,5
333,(주)스페코,13810,2007/12,,1,32902,  기타 기계 및 장비 제조업,5
334,(주)승일,49830,2007/12,,1,32509,  금속가공제품 제조업; 기계 및 가구 제외,5
335,(주)시공테크,20710,2007/12,,1,137302,"  기타 전문, 과학 및 기술 서비스업",5
336,(주)시너지이노베이션,48870,2007/12,,1,32701,"  의료, 정밀, 광학기기 및 시계 제조업",5
337,(주)시노펙스,25320,2007/12,,1,32602,"  전자부품, 컴퓨터, 영상, 음향 및 통신장비 제조업",5
338,(주)시알홀딩스,480,2007/12,,1,32302,  비금속 광물제품 제조업,1
339,(주)시큐브,131090,2007/12,,1,105802,  출판업,5
340,(주)시티랩스,139050,2007/12,,1,106201,"  컴퓨터 프로그래밍, 시스템 통합 및 관리업",5
341,(주)신도리코,29530,2007/12,,1,32603,"  전자부품, 컴퓨터, 영상, 음향 및 통신장비 제조업",1
342,(주)신성이엔지,11930,2007/12,,1,32601,"  전자부품, 컴퓨터, 영상, 음향 및 통신장비 제조업",1
343,(주)신세계,4170,2007/12,,1,74701,  소매업; 자동차 제외,1
344,(주)신세계아이앤씨,35510,2007/12,,1,106201,"  컴퓨터 프로그래밍, 시스템 통합 및 관리업",1
345,(주)신세계인터내셔날,31430,2007/12,,1,74704,  소매업; 자동차 제외,1
346,(주)신세계푸드,31440,2007/12,,1,95601,  음식점 및 주점업,1
347,(주)신영와코루,5800,2007/09,,1,31401,"  의복, 의복 액세서리 및 모피제품 제조업",1
348,(주)신원,9270,2007/12,,1,31401,"  의복, 의복 액세서리 및 모피제품 제조업",1
349,(주)신진에스엠,138070,2007/12,,1,32509,  금속가공제품 제조업; 기계 및 가구 제외,5
350,(주)신풍,2870,2007/12,,1,74607,  도매 및 상품 중개업,1
351,(주)신화다이나믹스,1770,2007/12,,1,32401,  1차 금속 제조업,1
352,(주)신흥,4080,2007/12,,1,74605,  도매 및 상품 중개업,1
353,(주)심텍홀딩스,36710,2007/12,,1,32604,"  전자부품, 컴퓨터, 영상, 음향 및 통신장비 제조업",5
354,(주)싸이맥스,160980,2007/12,,1,32902,  기타 기계 및 장비 제조업,5
355,(주)쎄니트,37760,2007/12,,1,32401,  1차 금속 제조업,5
356,(주)쎄트렉아이,99320,2007/12,,1,33103,  기타 운송장비 제조업,5
357,(주)쎌바이오텍,49960,2007/12,,1,32101,  의료용 물질 및 의약품 제조업,5
358,(주)쏘닉스,88280,2007/12,,1,32601,"  전자부품, 컴퓨터, 영상, 음향 및 통신장비 제조업",5
359,(주)쏠리드,50890,2007/12,,1,32604,"  전자부품, 컴퓨터, 영상, 음향 및 통신장비 제조업",5
360,(주)씨씨에스충북방송,66790,2007/12,,1,106002,  방송업,5
361,(주)씨아이테크,4920,2007/12,,1,33309,  기타 제품 제조업,1
362,(주)씨에스,65770,2007/12,,1,32604,"  전자부품, 컴퓨터, 영상, 음향 및 통신장비 제조업",5
363,(주)씨에스에이코스믹,83660,2007/12,,1,32004,  화학물질 및 화학제품 제조업; 의약품 제외,6
364,(주)씨엔플러스,115530,2007/12,,1,32602,"  전자부품, 컴퓨터, 영상, 음향 및 통신장비 제조업",5
365,(주)씨유메디칼시스템,115480,2007/12,,1,32701,"  의료, 정밀, 광학기기 및 시계 제조업",5
366,(주)씨제이이엔엠,35760,2007/12,,1,106002,  방송업,5
367,(주)씨젠,96530,2007/12,,1,32103,  의료용 물질 및 의약품 제조업,5
368,(주)씨티씨바이오,60590,2007/12,,1,32102,  의료용 물질 및 의약품 제조업,5
369,(주)씨티알모빌리티,308170,2007/12,,1,33003,  자동차 및 트레일러 제조업,1
370,(주)씨티프라퍼티,52300,2007/12,,1,74608,  도매 및 상품 중개업,5
371,(주)아가방앤컴퍼니,13990,2007/12,,1,74604,  도매 및 상품 중개업,5
372,(주)아난티,25980,2007/12,,1,95501,  숙박업,5
373,(주)아리온테크놀로지,58220,2007/12,,1,32604,"  전자부품, 컴퓨터, 영상, 음향 및 통신장비 제조업",6
374,(주)아모레퍼시픽,90430,2007/12,,1,32004,  화학물질 및 화학제품 제조업; 의약품 제외,1
375,(주)아모레퍼시픽그룹,2790,2007/12,,1,32004,  화학물질 및 화학제품 제조업; 의약품 제외,1
376,(주)아모텍,52710,2007/12,,1,32602,"  전자부품, 컴퓨터, 영상, 음향 및 통신장비 제조업",5
377,(주)아미노로직스,74430,2007/12,,1,74607,  도매 및 상품 중개업,5
378,(주)아바코,83930,2007/12,,1,32902,  기타 기계 및 장비 제조업,5
379,(주)아바텍,149950,2007/12,,1,32602,"  전자부품, 컴퓨터, 영상, 음향 및 통신장비 제조업",5
380,(주)아세아텍,50860,2007/06,,1,32902,  기타 기계 및 장비 제조업,5
381,(주)아센디오,12170,2007/12,,1,105901,  영상ㆍ오디오 기록물 제작 및 배급업,1
382,(주)아스트,67390,2007/12,,1,33103,  기타 운송장비 제조업,5
383,(주)아스플로,159010,2007/12,,1,32901,  기타 기계 및 장비 제조업,5
384,(주)아시아경제,127710,2007/12,,1,106301,  정보서비스업,5
385,(주)아이디스홀딩스,54800,2007/12,,1,137106,  전문 서비스업,5
386,(주)아이마켓코리아,122900,2007/12,,1,74608,  도매 및 상품 중개업,1
387,(주)아이센스,99190,2007/12,,1,32701,"  의료, 정밀, 광학기기 및 시계 제조업",5
388,(주)아이씨디,40910,2007/09,,1,32902,  기타 기계 및 장비 제조업,5
389,(주)아이앤씨테크놀로지,52860,2007/12,,1,32601,"  전자부품, 컴퓨터, 영상, 음향 및 통신장비 제조업",5
390,(주)아이에스시,95340,2007/12,,1,74605,  도매 및 상품 중개업,5
391,(주)아이에스이커머스,69920,2007/12,,1,74709,  소매업; 자동차 제외,5
392,(주)아이에이,38880,2007/12,,1,32602,"  전자부품, 컴퓨터, 영상, 음향 및 통신장비 제조업",5
393,(주)아이에이치큐,3560,2007/12,,1,105901,  영상ㆍ오디오 기록물 제작 및 배급업,3
394,(주)아이엠,101390,2007/12,,1,32602,"  전자부품, 컴퓨터, 영상, 음향 및 통신장비 제조업",5
395,(주)아이엠비씨,52220,2007/12,,1,106301,  정보서비스업,5
396,(주)아이오케이컴퍼니,78860,2007/12,,1,105901,  영상ㆍ오디오 기록물 제작 및 배급업,5
397,(주)아이윈,90150,2007/12,,1,33003,  자동차 및 트레일러 제조업,5
398,(주)아이즈비전,31310,2007/12,,1,106102,  우편 및 통신업,5
399,(주)아이컴포넌트,59100,2007/12,,1,32602,"  전자부품, 컴퓨터, 영상, 음향 및 통신장비 제조업",5
400,(주)아이톡시,52770,2007/12,,1,74607,  도매 및 상품 중개업,5
401,(주)아이티센,124500,2007/12,,1,106201,"  컴퓨터 프로그래밍, 시스템 통합 및 관리업",5
402,(주)아이티엑스에이아이,99520,2007/12,,1,32605,"  전자부품, 컴퓨터, 영상, 음향 및 통신장비 제조업",5
403,(주)아이티엠반도체,84850,2007/12,,1,32602,"  전자부품, 컴퓨터, 영상, 음향 및 통신장비 제조업",5
404,(주)아이패밀리에스씨,114840,2007/12,,1,32004,  화학물질 및 화학제품 제조업; 의약품 제외,5
405,(주)아즈텍더블유비이,32080,2007/12,,1,31304,  섬유제품 제조업; 의복제외,5
406,(주)아진엑스텍,59120,2007/12,,1,32601,"  전자부품, 컴퓨터, 영상, 음향 및 통신장비 제조업",5
407,(주)아톤,158430,2007/12,,1,105802,  출판업,5
408,(주)아프리카티비,67160,2007/12,,1,105802,  출판업,5
409,(주)안랩,53800,2007/12,,1,105802,  출판업,5
410,(주)알루코,1780,2007/12,,1,32402,  1차 금속 제조업,1
411,(주)알멕,354320,2007/12,,1,32402,  1차 금속 제조업,5
412,(주)알에프세미,96610,2007/12,,1,32601,"  전자부품, 컴퓨터, 영상, 음향 및 통신장비 제조업",5
413,(주)알에프텍,61040,2007/12,,1,32604,"  전자부품, 컴퓨터, 영상, 음향 및 통신장비 제조업",5
414,(주)알티캐스트,85810,2007/12,,1,105802,  출판업,5
415,(주)알파홀딩스,117670,2007/12,,1,32601,"  전자부품, 컴퓨터, 영상, 음향 및 통신장비 제조업",6
416,(주)액토즈소프트,52790,2007/12,,1,105802,  출판업,5
417,(주)앤씨앤,92600,2007/12,,1,32601,"  전자부품, 컴퓨터, 영상, 음향 및 통신장비 제조업",5
418,(주)양지사,30960,2007/06,,1,31801,  인쇄 및 기록매체 복제업,5
419,(주)에너토크,19990,2007/12,,1,32901,  기타 기계 및 장비 제조업,5
420,(주)에넥스,11090,2007/12,,1,33201,  가구 제조업,1
421,(주)에스디시스템,121890,2007/12,,1,32602,"  전자부품, 컴퓨터, 영상, 음향 및 통신장비 제조업",6
422,(주)에스비비테크,389500,2007/12,,1,32901,  기타 기계 및 장비 제조업,5
423,(주)에스비에스,34120,2007/12,,1,106002,  방송업,1
424,(주)에스비에스콘텐츠허브,46140,2007/12,,1,105901,  영상ㆍ오디오 기록물 제작 및 배급업,5
425,(주)에스씨디,42110,2007/03,,1,32805,  전기장비 제조업,5
426,(주)에스아이리소스,65420,2007/12,,1,32004,  화학물질 및 화학제품 제조업; 의약품 제외,5
427,(주)에스앤더블류,103230,2007/12,,1,32901,  기타 기계 및 장비 제조업,5
428,(주)에스앤디,260970,2007/12,,1,31007,  식료품 제조업,5
429,(주)에스앤에스텍,101490,2007/12,,1,32602,"  전자부품, 컴퓨터, 영상, 음향 및 통신장비 제조업",5
430,(주)에스에너지,95910,2007/12,,1,32801,  전기장비 제조업,5
431,(주)에스에이엠티,31330,2007/12,,1,74605,  도매 및 상품 중개업,5
432,(주)에스에이티,60540,2007/12,,1,32702,"  의료, 정밀, 광학기기 및 시계 제조업",5
433,(주)에스에프에이,56190,2007/12,,1,32902,  기타 기계 및 장비 제조업,5
434,(주)에스에프에이반도체,36540,2007/12,,1,32601,"  전자부품, 컴퓨터, 영상, 음향 및 통신장비 제조업",5
435,(주)에스엠라이프디자인그룹,63440,2007/12,,1,31802,  인쇄 및 기록매체 복제업,5
436,(주)에스엠벡셀,10580,2007/12,,1,33003,  자동차 및 트레일러 제조업,1
437,(주)에스엠엔터테인먼트,41510,2007/12,,1,105902,  영상ㆍ오디오 기록물 제작 및 배급업,5
438,(주)에스엠컬처앤콘텐츠,48550,2007/12,,1,137103,  전문 서비스업,5
439,(주)에스엠코어,7820,2007/12,,1,32901,  기타 기계 및 장비 제조업,5
440,(주)에스원,12750,2007/12,,1,147503,  사업지원 서비스업,1
441,(주)에스제이엠홀딩스,25530,2007/12,,1,74502,  자동차 및 부품 판매업,1
442,(주)에스지글로벌,1380,2007/12,,1,33003,  자동차 및 트레일러 제조업,1
443,(주)에스지세계물산,4060,2007/12,,1,74608,  도매 및 상품 중개업,1
444,(주)에스지엔지,40610,2007/12,,1,85209,  창고 및 운송관련 서비스업,5
445,(주)에스코넥,96630,2007/12,,1,32604,"  전자부품, 컴퓨터, 영상, 음향 및 통신장비 제조업",5
446,(주)에스텍파마,41910,2007/12,,1,32102,  의료용 물질 및 의약품 제조업,5
447,(주)에스티아이,39440,2007/12,,1,32902,  기타 기계 및 장비 제조업,5
448,(주)에스티오,98660,2007/12,,1,31401,"  의복, 의복 액세서리 및 모피제품 제조업",5
449,(주)에스티큐브,52020,2007/12,,1,74605,  도매 및 상품 중개업,5
450,(주)에스폴리텍,50760,2007/12,,1,32202,  고무 및 플라스틱제품 제조업,5
451,(주)에스피시스템스,317830,2007/12,,1,32902,  기타 기계 및 장비 제조업,5
452,(주)에스피씨삼립,5610,2007/12,,1,31007,  식료품 제조업,1
453,(주)에스피지,58610,2007/12,,1,32801,  전기장비 제조업,5
454,(주)에쎈테크,43340,2007/12,,1,32901,  기타 기계 및 장비 제조업,5
455,(주)에이디칩스,54630,2007/12,,1,33309,  기타 제품 제조업,5
456,(주)에이디테크놀로지,200710,2007/12,,1,32601,"  전자부품, 컴퓨터, 영상, 음향 및 통신장비 제조업",5
457,(주)에이루트,96690,2007/12,,1,32603,"  전자부품, 컴퓨터, 영상, 음향 및 통신장비 제조업",5
458,(주)에이블씨엔씨,78520,2007/12,,1,32004,  화학물질 및 화학제품 제조업; 의약품 제외,1
459,(주)에이비프로바이오,195990,2007/12,,1,32902,  기타 기계 및 장비 제조업,5
460,(주)에이스침대,3800,2007/12,,1,33201,  가구 제조업,5
461,(주)에이스테크놀로지,88800,2007/12,,1,32604,"  전자부품, 컴퓨터, 영상, 음향 및 통신장비 제조업",5
462,(주)에이엔피,15260,2007/12,,1,32602,"  전자부품, 컴퓨터, 영상, 음향 및 통신장비 제조업",1
463,(주)에이엘티,172670,2007/12,,1,32601,"  전자부품, 컴퓨터, 영상, 음향 및 통신장비 제조업",5
464,(주)에이치비테크놀러지,78150,2007/12,,1,32902,  기타 기계 및 장비 제조업,5
465,(주)에이치시티,72990,2007/12,,1,137209,"  건축기술, 엔지니어링 및 기타 과학기술 서비스업",5
466,(주)에이치알에스,36640,2007/12,,1,32002,  화학물질 및 화학제품 제조업; 의약품 제외,5
467,(주)에이치에스애드,35000,2007/12,,1,137105,  전문 서비스업,1
468,(주)에이치케이,44780,2007/12,,1,32902,  기타 기계 및 장비 제조업,5
469,(주)에이텍,45660,2007/12,,1,32603,"  전자부품, 컴퓨터, 영상, 음향 및 통신장비 제조업",5
470,(주)에이티세미콘,89530,2007/12,,1,137309,"  기타 전문, 과학 및 기술 서비스업",6
471,(주)에이팩트,200470,2007/12,,1,137309,"  기타 전문, 과학 및 기술 서비스업",5
472,(주)에이프로,262260,2007/12,,1,32809,  전기장비 제조업,5
473,(주)에이프로젠,7460,2007/12,,1,32509,  금속가공제품 제조업; 기계 및 가구 제외,1
474,(주)에이프로젠바이오로직스,3060,2007/09,,1,32102,  의료용 물질 및 의약품 제조업,1
475,(주)에이프로젠헬스케어앤게임즈,109960,2007/12,,1,74607,  도매 및 상품 중개업,5
476,(주)에이피에스,54620,2007/12,,1,137105,  전문 서비스업,5
477,(주)에코앤드림,101360,2007/12,,1,32004,  화학물질 및 화학제품 제조업; 의약품 제외,5
478,(주)에코프로,86520,2007/12,,1,137105,  전문 서비스업,5
479,(주)에프알텍,73540,2007/12,,1,32604,"  전자부품, 컴퓨터, 영상, 음향 및 통신장비 제조업",5
480,(주)에프앤가이드,64850,2007/12,,1,106309,  정보서비스업,5
481,(주)에프앤에프홀딩스,7700,2007/12,,1,137105,  전문 서비스업,1
482,(주)에프에스티,36810,2007/12,,1,32602,"  전자부품, 컴퓨터, 영상, 음향 및 통신장비 제조업",5
483,(주)엑사이엔씨,54940,2007/12,,1,64204,  전문직별 공사업,5
484,(주)엑서지21,43090,2007/12,,1,74607,  도매 및 상품 중개업,5
485,(주)엑시콘,92870,2007/12,,1,32902,  기타 기계 및 장비 제조업,5
486,(주)엔씨소프트,36570,2007/12,,1,105802,  출판업,1
487,(주)엔아이스틸,8260,2007/12,,1,32401,  1차 금속 제조업,1
488,(주)엔에이치엔벅스,104200,2007/12,,1,105802,  출판업,5
489,(주)엔이능률,53290,2007/12,,1,105801,  출판업,5
490,(주)엔지켐생명과학,183490,2007/12,,1,32101,  의료용 물질 및 의약품 제조업,5
491,(주)엔케이,85310,2007/12,,1,32501,  금속가공제품 제조업; 기계 및 가구 제외,1
492,(주)엔터파트너즈,58450,2007/12,,1,32202,  고무 및 플라스틱제품 제조업,5
493,(주)엔텔스,69410,2007/12,,1,105802,  출판업,5
494,(주)엔피케이,48830,2007/12,,1,32002,  화학물질 및 화학제품 제조업; 의약품 제외,5
495,(주)엘디티,96870,2007/12,,1,32601,"  전자부품, 컴퓨터, 영상, 음향 및 통신장비 제조업",5
496,(주)엘비루셈,376190,2007/12,,1,32601,"  전자부품, 컴퓨터, 영상, 음향 및 통신장비 제조업",5
497,(주)엘아이에스,138690,2007/12,,1,32902,  기타 기계 및 장비 제조업,6
498,(주)엘앤에프,66970,2007/12,,1,32802,  전기장비 제조업,5
499,(주)엘에스,6260,2007/12,,1,137105,  전문 서비스업,1
500,(주)엘에스네트웍스,680,2007/12,,1,74608,  도매 및 상품 중개업,1
501,(주)엘에프,93050,2007/12,,1,31401,"  의복, 의복 액세서리 및 모피제품 제조업",1
502,(주)엘엑스세미콘,108320,2007/12,,1,32601,"  전자부품, 컴퓨터, 영상, 음향 및 통신장비 제조업",1
503,(주)엘엑스인터내셔널,1120,2007/12,,1,74601,  도매 및 상품 중개업,1
504,(주)엘엠에스,73110,2007/12,,1,32602,"  전자부품, 컴퓨터, 영상, 음향 및 통신장비 제조업",5
505,(주)엘오티베큠,83310,2007/12,,1,32902,  기타 기계 및 장비 제조업,5
506,(주)엘지,3550,2007/12,,1,137105,  전문 서비스업,1
507,(주)엘지생활건강,51900,2007/12,,1,32004,  화학물질 및 화학제품 제조업; 의약품 제외,1
508,(주)엘지유플러스,32640,2007/12,,1,106102,  우편 및 통신업,1
509,(주)엘지헬로비전,37560,2007/12,,1,106002,  방송업,1
510,(주)엘지화학,51910,2007/12,,1,32001,  화학물질 및 화학제품 제조업; 의약품 제외,1
511,(주)엠게임,58630,2007/12,,1,105802,  출판업,5
512,(주)엠디에스테크,86960,2007/12,,1,105802,  출판업,5
513,(주)엠씨넥스,97520,2007/12,,1,32605,"  전자부품, 컴퓨터, 영상, 음향 및 통신장비 제조업",1
514,(주)엠아이텍,179290,2007/12,,1,32701,"  의료, 정밀, 광학기기 및 시계 제조업",5
515,(주)엠에스씨,9780,2007/12,,1,31007,  식료품 제조업,5
516,(주)엠에스오토텍,123040,2007/12,,1,33003,  자동차 및 트레일러 제조업,5
517,(주)엠젠솔루션,32790,2007/12,,1,74605,  도매 및 상품 중개업,5
518,(주)엠투아이코퍼레이션,347890,2007/12,,1,32702,"  의료, 정밀, 광학기기 및 시계 제조업",5
519,(주)엠투엔,33310,2007/12,,1,32509,  금속가공제품 제조업; 기계 및 가구 제외,5
520,(주)연우,115960,2007/12,,1,32202,  고무 및 플라스틱제품 제조업,5
521,(주)영우디에스피,143540,2007/12,,1,32902,  기타 기계 및 장비 제조업,5
522,(주)영원무역홀딩스,9970,2007/12,,1,137105,  전문 서비스업,1
523,(주)영풍,670,2007/12,,1,32402,  1차 금속 제조업,1
524,(주)영흥,12160,2007/12,,1,32401,  1차 금속 제조업,1
525,(주)예림당,36000,2007/12,,1,105801,  출판업,5
526,(주)예스코홀딩스,15360,2007/12,,1,137105,  전문 서비스업,1
527,(주)예스티,122640,2007/12,,1,32902,  기타 기계 및 장비 제조업,5
528,(주)오공,45060,2007/12,,1,32004,  화학물질 및 화학제품 제조업; 의약품 제외,5
529,(주)오디텍,80520,2007/12,,1,32601,"  전자부품, 컴퓨터, 영상, 음향 및 통신장비 제조업",5
530,(주)오뚜기,7310,2007/12,,1,31007,  식료품 제조업,1
531,(주)오르비텍,46120,2007/12,,1,137209,"  건축기술, 엔지니어링 및 기타 과학기술 서비스업",5
532,(주)오리엔탈정공,14940,2007/12,,1,32901,  기타 기계 및 장비 제조업,5
533,(주)오리엔트바이오,2630,2007/03,,1,32102,  의료용 물질 및 의약품 제조업,1
534,(주)오리엔트정공,65500,2007/12,,1,33003,  자동차 및 트레일러 제조업,5
535,(주)오리온홀딩스,1800,2007/12,,1,137105,  전문 서비스업,1
536,(주)오리콤,10470,2007/12,,1,137103,  전문 서비스업,5
537,(주)오비고,352910,2007/12,,1,106200,"  컴퓨터 프로그래밍, 시스템 통합 및 관리업",5
538,(주)오스코텍,39200,2007/12,,1,32102,  의료용 물질 및 의약품 제조업,5
539,(주)오스템,31510,2007/12,,1,33003,  자동차 및 트레일러 제조업,5
540,(주)오이솔루션,138080,2007/12,,1,32604,"  전자부품, 컴퓨터, 영상, 음향 및 통신장비 제조업",5
541,(주)오킨스전자,80580,2007/12,,1,32602,"  전자부품, 컴퓨터, 영상, 음향 및 통신장비 제조업",5
542,(주)오텍,67170,2007/12,,1,33004,  자동차 및 트레일러 제조업,5
543,(주)오픈베이스,49480,2007/12,,1,106201,"  컴퓨터 프로그래밍, 시스템 통합 및 관리업",5
544,(주)옵트론텍,82210,2007/12,,1,32703,"  의료, 정밀, 광학기기 및 시계 제조업",5
545,(주)와이비엠넷,57030,2007/12,,1,168507,  교육 서비스업,5
546,(주)와이어블,65530,2007/12,,1,106102,  우편 및 통신업,5
547,(주)와이엔텍,67900,2007/12,,1,53802,"  폐기물 수집, 운반, 처리 및 원료 재생업",5
548,(주)와이엠,7530,2007/12,,1,32509,  금속가공제품 제조업; 기계 및 가구 제외,5
549,(주)와이오엠,66430,2007/06,,1,74607,  도매 및 상품 중개업,5
550,(주)와이지-원,19210,2007/12,,1,32509,  금속가공제품 제조업; 기계 및 가구 제외,5
551,(주)와이지엔터테인먼트,122870,2007/12,,1,105902,  영상ㆍ오디오 기록물 제작 및 배급업,5
552,(주)와이지플러스,37270,2007/12,,1,106301,  정보서비스업,1
553,(주)와이투솔루션,11690,2007/12,,1,32601,"  전자부품, 컴퓨터, 영상, 음향 및 통신장비 제조업",1
554,(주)와이티엔,40300,2007/12,,1,105901,  영상ㆍ오디오 기록물 제작 및 배급업,5
555,(주)우리기술,32820,2007/12,,1,32801,  전기장비 제조업,5
556,(주)우리넷,115440,2007/12,,1,32604,"  전자부품, 컴퓨터, 영상, 음향 및 통신장비 제조업",5
557,(주)우리로,46970,2007/12,,1,74607,  도매 및 상품 중개업,5
558,(주)우성,6980,2007/12,,1,31006,  식료품 제조업,1
559,(주)우신시스템,17370,2007/12,,1,32902,  기타 기계 및 장비 제조업,1
560,(주)우양,103840,2007/12,,1,31003,  식료품 제조업,5
561,(주)우주일렉트로닉스,65680,2007/12,,1,32602,"  전자부품, 컴퓨터, 영상, 음향 및 통신장비 제조업",5
562,(주)우진,105840,2007/12,,1,32702,"  의료, 정밀, 광학기기 및 시계 제조업",1
563,(주)우진아이엔에스,10400,2007/12,,1,64202,  전문직별 공사업,1
564,(주)우진플라임,49800,2007/12,,1,32902,  기타 기계 및 장비 제조업,1
565,(주)웅진,16880,2007/12,,1,137105,  전문 서비스업,1
566,(주)웅진씽크빅,95720,2007/12,,1,168501,  교육 서비스업,1
567,(주)원림,5820,2007/12,,1,31302,  섬유제품 제조업; 의복제외,1
568,(주)원익,32940,2007/12,,1,74605,  도매 및 상품 중개업,5
569,(주)원익머트리얼즈,104830,2007/12,,1,32001,  화학물질 및 화학제품 제조업; 의약품 제외,5
570,(주)원익큐브,14190,2007/12,,1,74607,  도매 및 상품 중개업,5
571,(주)원익큐엔씨,74600,2007/12,,1,32301,  비금속 광물제품 제조업,5
572,(주)원익홀딩스,30530,2007/12,,1,32902,  기타 기계 및 장비 제조업,5
573,(주)원일특강,12620,2007/12,,1,32401,  1차 금속 제조업,5
574,(주)원풍,8370,2007/12,,1,32202,  고무 및 플라스틱제품 제조업,5
575,(주)월덱스,101160,2007/12,,1,32602,"  전자부품, 컴퓨터, 영상, 음향 및 통신장비 제조업",5
576,(주)웨스트라이즈,64090,2007/12,,1,74608,  도매 및 상품 중개업,6
577,(주)웨이브일렉트로닉스,95270,2007/12,,1,32702,"  의료, 정밀, 광학기기 및 시계 제조업",5
578,(주)웰크론,65950,2007/12,,1,31302,  섬유제품 제조업; 의복제외,5
579,(주)웰크론한텍,76080,2007/12,,1,64101,  종합 건설업,5
580,(주)웹젠,69080,2007/12,,1,105802,  출판업,5
581,(주)위니아,71460,2007/12,,1,32805,  전기장비 제조업,6
582,(주)위닉스,44340,2007/12,,1,32805,  전기장비 제조업,5
583,(주)위메이드,112040,2007/12,,1,105802,  출판업,5
584,(주)위메이드맥스,101730,2007/12,,1,105802,  출판업,5
585,(주)위세아이텍,65370,2007/12,,1,105802,  출판업,5
586,(주)위스컴,24070,2007/12,,1,32202,  고무 및 플라스틱제품 제조업,1
587,(주)위지트,36090,2007/12,,1,32902,  기타 기계 및 장비 제조업,5
588,(주)윈팩,97800,2007/12,,1,32601,"  전자부품, 컴퓨터, 영상, 음향 및 통신장비 제조업",5
589,(주)윌비스,8600,2007/12,,1,74604,  도매 및 상품 중개업,1
590,(주)유니드,14830,2007/12,,1,32001,  화학물질 및 화학제품 제조업; 의약품 제외,1
591,(주)유니온,910,2007/12,,1,32303,  비금속 광물제품 제조업,1
592,(주)유니온커뮤니티,203450,2007/12,,1,32604,"  전자부품, 컴퓨터, 영상, 음향 및 통신장비 제조업",5
593,(주)유니켐,11330,2007/12,,1,31501,"  가죽, 가방 및 신발 제조업",1
594,(주)유니크,11320,2007/06,,1,33003,  자동차 및 트레일러 제조업,5
595,(주)유니테스트,86390,2007/12,,1,32902,  기타 기계 및 장비 제조업,5
596,(주)유니테크노,241690,2007/12,,1,33003,  자동차 및 트레일러 제조업,5
597,(주)유라테크,48430,2007/12,,1,32801,  전기장비 제조업,5
598,(주)유비온,84440,2007/12,,1,106309,  정보서비스업,5
599,(주)유비케어,32620,2007/12,,1,105802,  출판업,5
600,(주)유비쿼스홀딩스,78070,2007/12,,1,137105,  전문 서비스업,5
601,(주)유성티엔에스,24800,2007/12,,1,84902,  육상운송 및 파이프라인 운송업,5
602,(주)유수홀딩스,700,2007/12,,1,137105,  전문 서비스업,1
603,(주)유신,54930,2007/12,,1,137201,"  건축기술, 엔지니어링 및 기타 과학기술 서비스업",5
604,(주)유아이디,69330,2007/12,,1,32602,"  전자부품, 컴퓨터, 영상, 음향 및 통신장비 제조업",5
605,(주)유유제약,220,2007/03,,1,32102,  의료용 물질 및 의약품 제조업,1
606,(주)유진로봇,56080,2007/12,,1,32902,  기타 기계 및 장비 제조업,5
607,(주)유진테크,84370,2007/12,,1,32902,  기타 기계 및 장비 제조업,5
608,(주)유한양행,100,2007/12,,1,32102,  의료용 물질 및 의약품 제조업,1
609,(주)율촌,146060,2007/12,,1,32401,  1차 금속 제조업,5
610,(주)율호,72770,2007/12,,1,106201,"  컴퓨터 프로그래밍, 시스템 통합 및 관리업",5
611,(주)이건홀딩스,39020,2007/12,,1,31601,  목재 및 나무제품 제조업; 가구 제외,5
612,(주)이글루코퍼레이션,67920,2007/12,,1,106309,  정보서비스업,5
613,(주)이글벳,44960,2007/12,,1,74607,  도매 및 상품 중개업,5
614,(주)이노션,214320,2007/12,,1,137103,  전문 서비스업,1
615,(주)이노와이어리스,73490,2007/12,,1,32604,"  전자부품, 컴퓨터, 영상, 음향 및 통신장비 제조업",5
616,(주)이녹스,88390,2007/12,,1,33109,  기타 운송장비 제조업,5
617,(주)이라이콤,41520,2007/12,,1,74601,  도매 및 상품 중개업,5
618,(주)이랜텍,54210,2007/12,,1,32602,"  전자부품, 컴퓨터, 영상, 음향 및 통신장비 제조업",5
619,(주)이루온,65440,2007/12,,1,105802,  출판업,5
620,(주)이미지스테크놀로지,115610,2007/12,,1,32601,"  전자부품, 컴퓨터, 영상, 음향 및 통신장비 제조업",5
621,(주)이브이첨단소재,131400,2007/12,,1,32602,"  전자부품, 컴퓨터, 영상, 음향 및 통신장비 제조업",5
622,(주)이상네트웍스,80010,2007/12,,1,74601,  도매 및 상품 중개업,5
623,(주)이수앱지스,86890,2007/12,,1,32103,  의료용 물질 및 의약품 제조업,5
624,(주)이수페타시스,7660,2007/12,,1,32602,"  전자부품, 컴퓨터, 영상, 음향 및 통신장비 제조업",1
625,(주)이수화학,5950,2007/12,,1,32001,  화학물질 및 화학제품 제조업; 의약품 제외,1
626,(주)이스타코,15020,2007/12,,1,126801,  부동산업,1
627,(주)이스트소프트,47560,2007/12,,1,105802,  출판업,5
628,(주)이씨에스텔레콤,67010,2007/03,,1,106201,"  컴퓨터 프로그래밍, 시스템 통합 및 관리업",5
629,(주)이아이디,93230,2007/12,,1,74607,  도매 및 상품 중개업,3
630,(주)이엔에프테크놀로지,102710,2007/12,,1,32004,  화학물질 및 화학제품 제조업; 의약품 제외,5
631,(주)이엔코퍼레이션,66980,2007/12,,1,106309,  정보서비스업,5
632,(주)이엔플러스,74610,2007/12,,1,32901,  기타 기계 및 장비 제조업,1
633,(주)이엘피,63760,2007/12,,1,32702,"  의료, 정밀, 광학기기 및 시계 제조업",5
634,(주)이엠넷,123570,2007/12,,1,137103,  전문 서비스업,5
635,(주)이엠앤아이,83470,2007/12,,1,32001,  화학물질 및 화학제품 제조업; 의약품 제외,5
636,(주)이엠텍,91120,2007/12,,1,32602,"  전자부품, 컴퓨터, 영상, 음향 및 통신장비 제조업",5
637,(주)이오테크닉스,39030,2007/12,,1,32902,  기타 기계 및 장비 제조업,5
638,(주)이원,17940,2007/12,,1,74607,  도매 및 상품 중개업,1
639,(주)이월드,84680,2007/12,,1,33301,  기타 제품 제조업,1
640,(주)이지,37370,2007/12,,1,32001,  화학물질 및 화학제품 제조업; 의약품 제외,5
641,(주)이지홀딩스,35810,2007/12,,1,31008,  식료품 제조업,5
642,(주)이크레더블,92130,2007/12,,1,106309,  정보서비스업,5
643,(주)인디에프,14990,2007/12,,1,31401,"  의복, 의복 액세서리 및 모피제품 제조업",1
644,(주)인바디,41830,2007/12,,1,32701,"  의료, 정밀, 광학기기 및 시계 제조업",5
645,(주)인성정보,33230,2007/12,,1,106201,"  컴퓨터 프로그래밍, 시스템 통합 및 관리업",5
646,(주)인스코비,6490,2007/12,,1,106102,  우편 및 통신업,1
647,(주)인지디스플레이,37330,2007/12,,1,32602,"  전자부품, 컴퓨터, 영상, 음향 및 통신장비 제조업",5
648,(주)인지소프트,100030,2007/12,,1,105802,  출판업,5
649,(주)인콘,83640,2007/12,,1,74608,  도매 및 상품 중개업,5
650,(주)인터로조,119610,2007/12,,1,32701,"  의료, 정밀, 광학기기 및 시계 제조업",5
651,(주)인터엠,17250,2007/09,,1,32605,"  전자부품, 컴퓨터, 영상, 음향 및 통신장비 제조업",5
652,(주)인터플렉스,51370,2007/12,,1,32602,"  전자부품, 컴퓨터, 영상, 음향 및 통신장비 제조업",5
653,(주)인텍플러스,64290,2007/12,,1,32902,  기타 기계 및 장비 제조업,5
654,(주)인텔리안테크놀로지스,189300,2007/12,,1,32604,"  전자부품, 컴퓨터, 영상, 음향 및 통신장비 제조업",5
655,(주)인트로메딕,150840,2007/12,,1,32701,"  의료, 정밀, 광학기기 및 시계 제조업",6
656,(주)인트론바이오테크놀로지,48530,2007/12,,1,32101,  의료용 물질 및 의약품 제조업,5
657,(주)인팩,23810,2007/12,,1,33003,  자동차 및 트레일러 제조업,1
658,(주)인포바인,115310,2007/12,,1,106102,  우편 및 통신업,5
659,(주)인피니트헬스케어,71200,2007/12,,1,105802,  출판업,5
660,(주)일신바이오베이스,68330,2007/12,,1,32901,  기타 기계 및 장비 제조업,5
661,(주)일신석재,7110,2007/12,,1,74606,  도매 및 상품 중개업,1
662,(주)일지테크,19540,2007/12,,1,33003,  자동차 및 트레일러 제조업,5
663,(주)일진파워,94820,2007/12,,1,64203,  전문직별 공사업,5
664,(주)잉크테크,49550,2007/12,,1,32004,  화학물질 및 화학제품 제조업; 의약품 제외,5
665,(주)자연과환경,43910,2007/12,,1,32303,  비금속 광물제품 제조업,5
666,(주)장원테크,174880,2007/12,,1,32604,"  전자부품, 컴퓨터, 영상, 음향 및 통신장비 제조업",6
667,(주)정상제이엘에스,40420,2007/12,,1,168505,  교육 서비스업,5
668,(주)정원엔시스,45510,2007/12,,1,74605,  도매 및 상품 중개업,5
669,(주)제넥신,95700,2007/12,,1,137001,  연구개발업,5
670,(주)제넨바이오,72520,2007/12,,1,74604,  도매 및 상품 중개업,5
671,(주)제닉,123330,2007/12,,1,32004,  화학물질 및 화학제품 제조업; 의약품 제외,5
672,(주)제로투세븐,159580,2007/12,,1,74604,  도매 및 상품 중개업,5
673,(주)제우스,79370,2007/12,,1,32902,  기타 기계 및 장비 제조업,5
674,(주)제이브이엠,54950,2007/12,,1,32901,  기타 기계 및 장비 제조업,5
675,(주)제이스텍,90470,2007/12,,1,32902,  기타 기계 및 장비 제조업,5
676,(주)제이앤티씨,204270,2007/12,,1,32602,"  전자부품, 컴퓨터, 영상, 음향 및 통신장비 제조업",5
677,(주)제이에스코퍼레이션,194370,2007/12,,1,31501,"  가죽, 가방 및 신발 제조업",1
678,(주)제이에스티나,26040,2007/12,,1,33301,  기타 제품 제조업,5
679,(주)제이오,418550,2007/12,,1,137201,"  건축기술, 엔지니어링 및 기타 과학기술 서비스업",5
680,(주)제이와이피엔터테인먼트,35900,2007/06,,1,105902,  영상ㆍ오디오 기록물 제작 및 배급업,5
681,(주)제이티,89790,2007/12,,1,32902,  기타 기계 및 장비 제조업,5
682,(주)제일기획,30000,2007/12,,1,137103,  전문 서비스업,1
683,(주)제일바이오,52670,2007/12,,1,32102,  의료용 물질 및 의약품 제조업,6
684,(주)제일테크노스,38010,2007/12,,1,32501,  금속가공제품 제조업; 기계 및 가구 제외,5
685,(주)제주반도체,80220,2007/12,,1,32601,"  전자부품, 컴퓨터, 영상, 음향 및 통신장비 제조업",5
686,(주)제주항공,89590,2007/12,,1,85101,  항공 운송업,1
687,(주)젬백스&카엘,82270,2007/12,,1,32902,  기타 기계 및 장비 제조업,5
688,(주)젬백스링크,64800,2007/12,,1,74704,  소매업; 자동차 제외,5
689,(주)조비,1550,2007/12,,1,32003,  화학물질 및 화학제품 제조업; 의약품 제외,1
690,(주)조이시티,67000,2007/12,,1,105802,  출판업,5
691,(주)조흥,2600,2007/12,,1,31007,  식료품 제조업,1
692,(주)종근당바이오,63160,2007/12,,1,32102,  의료용 물질 및 의약품 제조업,1
693,(주)종근당홀딩스,1630,2007/12,,1,32102,  의료용 물질 및 의약품 제조업,1
694,(주)좋은사람들,33340,2007/12,,1,31401,"  의복, 의복 액세서리 및 모피제품 제조업",6
695,(주)주연테크,44380,2007/12,,1,32603,"  전자부품, 컴퓨터, 영상, 음향 및 통신장비 제조업",1
696,(주)중앙백신연구소,72020,2007/12,,1,32101,  의료용 물질 및 의약품 제조업,5
697,(주)중앙에너비스,440,2007/09,,1,74607,  도매 및 상품 중개업,5
698,(주)중앙첨단소재,51980,2007/12,,1,32202,  고무 및 플라스틱제품 제조업,5
699,(주)지누스,13890,2007/12,,1,33201,  가구 제조업,1
700,(주)지니뮤직,43610,2007/12,,1,106301,  정보서비스업,5
701,(주)지어소프트,51160,2007/12,,1,105802,  출판업,5
702,(주)지에스,78930,2007/12,,1,137105,  전문 서비스업,1
703,(주)지에스글로벌,1250,2007/12,,1,74608,  도매 및 상품 중개업,1
704,(주)지에스리테일,7070,2007/12,,1,74701,  소매업; 자동차 제외,1
705,(주)지에스이,53050,2007/12,,1,43502,"  전기, 가스, 증기 및 공기조절 공급업",5
706,(주)지엔씨에너지,119850,2007/12,,1,32801,  전기장비 제조업,5
707,(주)지엔코,65060,2007/12,,1,31401,"  의복, 의복 액세서리 및 모피제품 제조업",5
708,(주)지오엘리먼트,311320,2007/12,,1,32602,"  전자부품, 컴퓨터, 영상, 음향 및 통신장비 제조업",5
709,(주)진도,88790,2007/12,,1,74607,  도매 및 상품 중개업,1
710,(주)진로발효,18120,2007/12,,1,31101,  음료 제조업,5
711,(주)진매트릭스,109820,2007/12,,1,137001,  연구개발업,5
712,(주)진바이오텍,86060,2007/12,,1,74602,  도매 및 상품 중개업,5
713,(주)진성티이씨,36890,2007/12,,1,32902,  기타 기계 및 장비 제조업,5
714,(주)차바이오텍,85660,2007/12,,1,32101,  의료용 물질 및 의약품 제조업,5
715,(주)창해에탄올,4650,2007/12,,1,31101,  음료 제조업,5
716,(주)천일고속,650,2007/12,,1,84902,  육상운송 및 파이프라인 운송업,1
717,(주)청호ICT,12600,2007/12,,1,32901,  기타 기계 및 장비 제조업,1
718,(주)체리부로,66360,2007/12,,1,31001,  식료품 제조업,5
719,(주)체시스,33250,2007/06,,1,33003,  자동차 및 트레일러 제조업,1
720,(주)초록뱀미디어,47820,2007/12,,1,105901,  영상ㆍ오디오 기록물 제작 및 배급업,6
721,(주)칩스앤미디어,94360,2007/12,,1,32601,"  전자부품, 컴퓨터, 영상, 음향 및 통신장비 제조업",5
722,(주)카나리아바이오,16790,2007/12,,1,31008,  식료품 제조업,5
723,(주)카스,16920,2007/12,,1,74605,  도매 및 상품 중개업,5
724,(주)카카오,35720,2007/12,,1,106301,  정보서비스업,1
725,(주)카프로,6380,2007/12,,1,32001,  화학물질 및 화학제품 제조업; 의약품 제외,3
726,(주)캐스텍코리아,71850,2007/12,,1,33003,  자동차 및 트레일러 제조업,5
727,(주)캠시스,50110,2007/12,,1,32602,"  전자부품, 컴퓨터, 영상, 음향 및 통신장비 제조업",5
728,(주)커넥트웨이브,119860,2007/12,,1,105802,  출판업,5
729,(주)컴투스,78340,2007/12,,1,105802,  출판업,5
730,(주)컴투스홀딩스,63080,2007/12,,1,105802,  출판업,5
731,(주)케스피온,79190,2007/12,,1,32604,"  전자부품, 컴퓨터, 영상, 음향 및 통신장비 제조업",5
732,(주)케어젠,214370,2007/12,,1,32101,  의료용 물질 및 의약품 제조업,5
733,(주)케이바이오컴퍼니,38530,2007/12,,1,74604,  도매 및 상품 중개업,5
734,(주)케이씨,29460,2007/12,,1,32702,"  의료, 정밀, 광학기기 및 시계 제조업",1
735,(주)케이씨씨,2380,2007/12,,1,32004,  화학물질 및 화학제품 제조업; 의약품 제외,1
736,(주)케이씨씨건설,21320,2007/12,,1,64101,  종합 건설업,5
737,(주)케이씨아이,36670,2007/12,,1,32004,  화학물질 및 화학제품 제조업; 의약품 제외,5
738,(주)케이씨에스,115500,2007/12,,1,106201,"  컴퓨터 프로그래밍, 시스템 통합 및 관리업",5
739,(주)케이씨티,89150,2007/12,,1,106201,"  컴퓨터 프로그래밍, 시스템 통합 및 관리업",5
740,(주)케이씨티시,9070,2007/12,,1,84903,  육상운송 및 파이프라인 운송업,1
741,(주)케이씨피드,25880,2007/12,,1,31008,  식료품 제조업,5
742,(주)케이아이엔엑스,93320,2007/12,,1,106301,  정보서비스업,5
743,(주)케이알엠,93640,2007/12,,1,32601,"  전자부품, 컴퓨터, 영상, 음향 및 통신장비 제조업",5
744,(주)케이에스에스해운,44450,2007/12,,1,85001,  수상 운송업,1
745,(주)케이에스피,73010,2007/12,,1,32901,  기타 기계 및 장비 제조업,5
746,(주)케이에이치바텍,60720,2007/12,,1,32602,"  전자부품, 컴퓨터, 영상, 음향 및 통신장비 제조업",5
747,(주)케이에이치필룩스,33180,2007/12,,1,32602,"  전자부품, 컴퓨터, 영상, 음향 및 통신장비 제조업",3
748,(주)케이엑스이노베이션,122450,2007/12,,1,106002,  방송업,5
749,(주)케이엑스하이텍,52900,2007/12,,1,32202,  고무 및 플라스틱제품 제조업,5
750,(주)케이엔더블유,105330,2007/12,,1,33003,  자동차 및 트레일러 제조업,5
751,(주)케이엔엔,58400,2007/12,,1,106002,  방송업,5
752,(주)케이엘넷,39420,2007/12,,1,106102,  우편 및 통신업,5
753,(주)케이엠,83550,2007/12,,1,31309,  섬유제품 제조업; 의복제외,5
754,(주)케이엠더블유,32500,2007/12,,1,32604,"  전자부품, 컴퓨터, 영상, 음향 및 통신장비 제조업",5
755,(주)케이옥션,102370,2007/12,,1,74601,  도매 및 상품 중개업,5
756,(주)케이이씨,92220,2007/12,,1,32601,"  전자부품, 컴퓨터, 영상, 음향 및 통신장비 제조업",1
757,(주)케이지모빌리언스,46440,2007/12,,1,105802,  출판업,5
758,(주)케이지이니시스,35600,2007/12,,1,105802,  출판업,5
759,(주)케이티,30200,2007/12,,1,106102,  우편 및 통신업,1
760,(주)케이티스카이라이프,53210,2007/12,,1,106002,  방송업,1
761,(주)케이티씨에스,58850,2007/12,,1,106309,  정보서비스업,1
762,(주)케이티아이에스,58860,2007/12,,1,106309,  정보서비스업,1
763,(주)케이티알파,36030,2007/12,,1,74601,  도매 및 상품 중개업,5
764,(주)케이티앤지,33780,2007/12,,1,31201,  담배 제조업,1
765,(주)케이프,64820,2007/12,,1,33101,  기타 운송장비 제조업,5
766,(주)케이피에프,24880,2007/12,,1,32509,  금속가공제품 제조업; 기계 및 가구 제외,5
767,(주)케이피엠테크,42040,2007/12,,1,32004,  화학물질 및 화학제품 제조업; 의약품 제외,5
768,(주)케이피티유,54410,2007/12,,1,32509,  금속가공제품 제조업; 기계 및 가구 제외,5
769,(주)켐트로닉스,89010,2007/12,,1,32004,  화학물질 및 화학제품 제조업; 의약품 제외,5
770,(주)코난테크놀로지,402030,2007/12,,1,105802,  출판업,5
771,(주)코다코,46070,2007/12,,1,33003,  자동차 및 트레일러 제조업,6
772,(주)코데즈컴바인,47770,2007/12,,1,31401,"  의복, 의복 액세서리 및 모피제품 제조업",5
773,(주)코디,80530,2007/12,,1,32004,  화학물질 및 화학제품 제조업; 의약품 제외,5
774,(주)코렌텍,104540,2007/12,,1,32701,"  의료, 정밀, 광학기기 및 시계 제조업",5
775,(주)코리아나화장품,27050,2007/12,,1,32004,  화학물질 및 화학제품 제조업; 의약품 제외,5
776,(주)코리아써키트,7810,2007/12,,1,32602,"  전자부품, 컴퓨터, 영상, 음향 및 통신장비 제조업",1
777,(주)코맥스,36690,2007/12,,1,32604,"  전자부품, 컴퓨터, 영상, 음향 및 통신장비 제조업",5
778,(주)코메론,49430,2007/12,,1,32702,"  의료, 정밀, 광학기기 및 시계 제조업",5
779,(주)코미팜,41960,2007/12,,1,32102,  의료용 물질 및 의약품 제조업,5
780,(주)코세스,89890,2007/12,,1,32902,  기타 기계 및 장비 제조업,5
781,(주)코센,9730,2007/12,,1,32401,  1차 금속 제조업,5
782,(주)코스나인,82660,2007/12,,1,32004,  화학물질 및 화학제품 제조업; 의약품 제외,5
783,(주)코아스,71950,2007/12,,1,33201,  가구 제조업,1
784,(주)코아시아,45970,2007/12,,1,32601,"  전자부품, 컴퓨터, 영상, 음향 및 통신장비 제조업",5
785,(주)코엔텍,29960,2007/12,,1,53802,"  폐기물 수집, 운반, 처리 및 원료 재생업",5
786,(주)코오롱,2020,2007/12,,1,137105,  전문 서비스업,1
787,(주)코콤,15710,2007/12,,1,32604,"  전자부품, 컴퓨터, 영상, 음향 및 통신장비 제조업",5
788,(주)코텍,52330,2007/12,,1,32605,"  전자부품, 컴퓨터, 영상, 음향 및 통신장비 제조업",5
789,(주)콘텐트리중앙,36420,2007/12,,1,105901,  영상ㆍ오디오 기록물 제작 및 배급업,1
790,(주)콤텍시스템,31820,2007/12,,1,106201,"  컴퓨터 프로그래밍, 시스템 통합 및 관리업",1
791,(주)큐로컴,40350,2007/12,,1,106201,"  컴퓨터 프로그래밍, 시스템 통합 및 관리업",5
792,(주)큐로홀딩스,51780,2007/12,,1,74702,  소매업; 자동차 제외,5
793,(주)큐에스아이,66310,2007/12,,1,32601,"  전자부품, 컴퓨터, 영상, 음향 및 통신장비 제조업",5
794,(주)크라운해태홀딩스,5740,2007/12,,1,137105,  전문 서비스업,1
795,(주)크레버스,96240,2007/12,,1,168505,  교육 서비스업,5
796,(주)크리스에프앤씨,110790,2007/12,,1,31401,"  의복, 의복 액세서리 및 모피제품 제조업",5
797,(주)크린앤사이언스,45520,2007/12,,1,32901,  기타 기계 및 장비 제조업,5
798,(주)클라우드에어,36170,2007/12,,1,32601,"  전자부품, 컴퓨터, 영상, 음향 및 통신장비 제조업",5
799,(주)키다리스튜디오,20120,2007/12,,1,106301,  정보서비스업,1
800,(주)키이스트,54780,2007/12,,1,105901,  영상ㆍ오디오 기록물 제작 및 배급업,5
801,(주)타이거일렉,219130,2007/12,,1,32602,"  전자부품, 컴퓨터, 영상, 음향 및 통신장비 제조업",5
802,(주)탑엔지니어링,65130,2007/12,,1,32902,  기타 기계 및 장비 제조업,5
803,(주)탑코미디어,134580,2007/12,,1,32604,"  전자부품, 컴퓨터, 영상, 음향 및 통신장비 제조업",5
804,(주)태경비케이,14580,2007/12,,1,32303,  비금속 광물제품 제조업,1
805,(주)태광,23160,2007/12,,1,32401,  1차 금속 제조업,5
806,(주)태양,53620,2007/12,,1,32509,  금속가공제품 제조업; 기계 및 가구 제외,5
807,(주)태영건설,9410,2007/12,,1,64102,  종합 건설업,1
808,(주)태웅,44490,2007/12,,1,32509,  금속가공제품 제조업; 기계 및 가구 제외,5
809,(주)태웅로직스,124560,2007/12,,1,85209,  창고 및 운송관련 서비스업,5
810,(주)테라젠이텍스,66700,2007/12,,1,32102,  의료용 물질 및 의약품 제조업,5
811,(주)테스,95610,2007/12,,1,32902,  기타 기계 및 장비 제조업,5
812,(주)테이팩스,55490,2007/12,,1,32202,  고무 및 플라스틱제품 제조업,1
813,(주)테크엘,64520,2007/12,,1,32601,"  전자부품, 컴퓨터, 영상, 음향 및 통신장비 제조업",5
814,(주)테크윙,89030,2007/12,,1,32902,  기타 기계 및 장비 제조업,5
815,(주)텔레칩스,54450,2007/12,,1,32601,"  전자부품, 컴퓨터, 영상, 음향 및 통신장비 제조업",5
816,(주)텔레필드,91440,2007/12,,1,32604,"  전자부품, 컴퓨터, 영상, 음향 및 통신장비 제조업",5
817,(주)텔콘알에프제약,200230,2007/12,,1,32604,"  전자부품, 컴퓨터, 영상, 음향 및 통신장비 제조업",5
818,(주)토비스,51360,2007/12,,1,32605,"  전자부품, 컴퓨터, 영상, 음향 및 통신장비 제조업",5
819,(주)토탈소프트뱅크,45340,2007/12,,1,105802,  출판업,5
820,(주)톱텍,108230,2007/12,,1,32902,  기타 기계 및 장비 제조업,5
821,(주)투비소프트,79970,2007/12,,1,105802,  출판업,5
822,(주)특수건설,26150,2007/12,,1,64102,  종합 건설업,5
823,(주)티비씨,33830,2007/12,,1,106002,  방송업,5
824,(주)티비에이치글로벌,84870,2007/12,,1,31401,"  의복, 의복 액세서리 및 모피제품 제조업",1
825,(주)티사이언티픽,57680,2007/12,,1,105802,  출판업,5
826,(주)티쓰리엔터테인먼트,204610,2007/12,,1,105802,  출판업,5
827,(주)티씨케이,64760,2007/12,,1,32309,  비금속 광물제품 제조업,5
828,(주)티앤엘,340570,2007/12,,1,32103,  의료용 물질 및 의약품 제조업,5
829,(주)티에스넥스젠,43220,2007/12,,1,32902,  기타 기계 및 장비 제조업,5
830,(주)티에스이,131290,2007/12,,1,32702,"  의료, 정밀, 광학기기 및 시계 제조업",5
831,(주)티에이치엔,19180,2007/12,,1,32809,  전기장비 제조업,1
832,(주)티엘아이,62860,2007/12,,1,32601,"  전자부품, 컴퓨터, 영상, 음향 및 통신장비 제조업",6
833,(주)티웨이항공,91810,2007/12,,1,85101,  항공 운송업,1
834,(주)티웨이홀딩스,4870,2007/12,,1,32303,  비금속 광물제품 제조업,1
835,(주)티케이케미칼,104480,2007/12,,1,32005,  화학물질 및 화학제품 제조업; 의약품 제외,5
836,(주)티플랙스,81150,2007/12,,1,32509,  금속가공제품 제조업; 기계 및 가구 제외,5
837,(주)티피씨,130740,2007/12,,1,33003,  자동차 및 트레일러 제조업,5
838,(주)티피씨메카트로닉스,48770,2007/06,,1,32901,  기타 기계 및 장비 제조업,5
839,(주)파라다이스,34230,2007/12,,1,189102,  스포츠 및 오락관련 서비스업,5
840,(주)파라텍,33540,2007/12,,1,32902,  기타 기계 및 장비 제조업,5
841,(주)파루,43200,2007/12,,1,32801,  전기장비 제조업,5
842,(주)파버나인,177830,2007/12,,1,32602,"  전자부품, 컴퓨터, 영상, 음향 및 통신장비 제조업",5
843,(주)파세코,37070,2007/12,,1,32805,  전기장비 제조업,5
844,(주)파수,150900,2007/12,,1,105802,  출판업,5
845,(주)파워넷,37030,2007/12,,1,32801,  전기장비 제조업,5
846,(주)파워로직스,47310,2007/12,,1,32801,  전기장비 제조업,5
847,(주)파이오링크,170790,2007/12,,1,32604,"  전자부품, 컴퓨터, 영상, 음향 및 통신장비 제조업",5
848,(주)파인디앤씨,49120,2007/12,,1,32602,"  전자부품, 컴퓨터, 영상, 음향 및 통신장비 제조업",5
849,(주)파인디지털,38950,2007/12,,1,32604,"  전자부품, 컴퓨터, 영상, 음향 및 통신장비 제조업",5
850,(주)파커스,65690,2007/12,,1,32601,"  전자부품, 컴퓨터, 영상, 음향 및 통신장비 제조업",5
851,(주)파크시스템스,140860,2007/12,,1,32702,"  의료, 정밀, 광학기기 및 시계 제조업",5
852,(주)파트론,91700,2007/12,,1,32602,"  전자부품, 컴퓨터, 영상, 음향 및 통신장비 제조업",5
853,(주)판타지오,32800,2007/12,,1,189001,"  창작, 예술 및 여가관련 서비스업",5
854,(주)팜스코,36580,2007/12,,1,31006,  식료품 제조업,1
855,(주)팜스토리,27710,2007/12,,1,31008,  식료품 제조업,5
856,(주)팬스타엔터프라이즈,54300,2007/12,,1,32901,  기타 기계 및 장비 제조업,5
857,(주)팬엔터테인먼트,68050,2007/12,,1,105901,  영상ㆍ오디오 기록물 제작 및 배급업,5
858,(주)퍼시스,16800,2007/12,,1,33201,  가구 제조업,1
859,(주)펩트론,87010,2007/12,,1,32101,  의료용 물질 및 의약품 제조업,5
860,(주)포메탈,119500,2007/12,,1,32509,  금속가공제품 제조업; 기계 및 가구 제외,5
861,(주)포스코디엑스,22100,2007/12,,1,137201,"  건축기술, 엔지니어링 및 기타 과학기술 서비스업",5
862,(주)포스코엠텍,9520,2007/12,,1,32401,  1차 금속 제조업,5
863,(주)포스코인터내셔널,47050,2007/12,,1,74601,  도매 및 상품 중개업,1
864,(주)포스코퓨처엠,3670,2007/12,,1,32303,  비금속 광물제품 제조업,1
865,(주)폴라리스세원,234100,2007/12,,1,33003,  자동차 및 트레일러 제조업,5
866,(주)폴라리스오피스,41020,2007/12,,1,105802,  출판업,5
867,(주)폴라리스우노,114630,2007/12,,1,32005,  화학물질 및 화학제품 제조업; 의약품 제외,5
868,(주)푸드웰,5670,2007/12,,1,31003,  식료품 제조업,5
869,(주)푸른기술,94940,2007/12,,1,32603,"  전자부품, 컴퓨터, 영상, 음향 및 통신장비 제조업",5
870,(주)풀무원,17810,2007/12,,1,31007,  식료품 제조업,1
871,(주)풍강,93380,2007/08,,1,32509,  금속가공제품 제조업; 기계 및 가구 제외,5
872,(주)풍산홀딩스,5810,2007/12,,1,137105,  전문 서비스업,1
873,(주)프럼파스트,35200,2007/12,,1,32202,  고무 및 플라스틱제품 제조업,5
874,(주)프로텍,53610,2007/12,,1,32902,  기타 기계 및 장비 제조업,5
875,(주)프리엠스,53160,2007/12,,1,32801,  전기장비 제조업,5
876,(주)플래스크,41590,2007/12,,1,64204,  전문직별 공사업,5
877,(주)플랜티넷,75130,2007/12,,1,106201,"  컴퓨터 프로그래밍, 시스템 통합 및 관리업",5
878,(주)플레이그램,9810,2007/12,,1,74607,  도매 및 상품 중개업,1
879,(주)플레이위드,23770,2007/12,,1,105802,  출판업,5
880,(주)피델릭스,32580,2007/12,,1,32601,"  전자부품, 컴퓨터, 영상, 음향 및 통신장비 제조업",5
881,(주)피씨디렉트,51380,2007/12,,1,74605,  도매 및 상품 중개업,5
882,(주)피에이치씨,57880,2007/12,,1,74704,  소매업; 자동차 제외,6
883,(주)피엔티,137400,2007/12,,1,32902,  기타 기계 및 장비 제조업,5
884,(주)피엔풍년,24940,2007/12,,1,74604,  도매 및 상품 중개업,5
885,(주)피엠티,147760,2007/12,,1,32702,"  의료, 정밀, 광학기기 및 시계 제조업",5
886,(주)피제이전자,6140,2007/12,,1,32701,"  의료, 정밀, 광학기기 및 시계 제조업",5
887,(주)피코그램,376180,2007/12,,1,33309,  기타 제품 제조업,5
888,(주)피피아이,62970,2007/12,,1,32604,"  전자부품, 컴퓨터, 영상, 음향 및 통신장비 제조업",5
889,(주)픽셀플러스,87600,2007/12,,1,32602,"  전자부품, 컴퓨터, 영상, 음향 및 통신장비 제조업",5
890,(주)하나기술,299030,2007/12,,1,32902,  기타 기계 및 장비 제조업,5
891,(주)하나투어,39130,2007/12,,1,147502,  사업지원 서비스업,1
892,(주)하림지주,3380,2007/12,,1,137105,  전문 서비스업,5
893,(주)하이드로리튬,101670,2007/12,,1,32501,  금속가공제품 제조업; 기계 및 가구 제외,5
894,(주)하이소닉,106080,2007/12,,1,32602,"  전자부품, 컴퓨터, 영상, 음향 및 통신장비 제조업",5
895,(주)하이스틸,71090,2007/12,,1,32401,  1차 금속 제조업,1
896,(주)하이텍팜,106190,2007/12,,1,32101,  의료용 물질 및 의약품 제조업,5
897,(주)하이트론씨스템즈,19490,2007/12,,1,32605,"  전자부품, 컴퓨터, 영상, 음향 및 통신장비 제조업",3
898,(주)하츠,66130,2007/12,,1,32805,  전기장비 제조업,5
899,(주)한국가구,4590,2007/12,,1,74604,  도매 및 상품 중개업,5
900,(주)한국경제티브이,39340,2007/12,,1,106002,  방송업,5
901,(주)한국전자홀딩스,6200,2007/12,,1,137105,  전문 서비스업,1
902,(주)한국종합기술,23350,2007/12,,1,137201,"  건축기술, 엔지니어링 및 기타 과학기술 서비스업",1
903,(주)한국카본,17960,2007/12,,1,32501,  금속가공제품 제조업; 기계 및 가구 제외,1
904,(주)한국큐빅,21650,2007/12,,1,32202,  고무 및 플라스틱제품 제조업,5
905,(주)한국테크놀로지,53590,2007/12,,1,74703,  소매업; 자동차 제외,6
906,(주)한국특강,7280,2007/12,,1,32401,  1차 금속 제조업,1
907,(주)한국파마,32300,2007/12,,1,32102,  의료용 물질 및 의약품 제조업,5
908,(주)한국팩키지,37230,2007/12,,1,31702,"  펄프, 종이 및 종이제품 제조업",5
909,(주)한국화장품제조,3350,2007/12,,1,32004,  화학물질 및 화학제품 제조업; 의약품 제외,1
910,(주)한글과컴퓨터,30520,2007/12,,1,105802,  출판업,5
911,(주)한네트,52600,2007/12,,1,106102,  우편 및 통신업,5
912,(주)한농화성,11500,2007/12,,1,32004,  화학물질 및 화학제품 제조업; 의약품 제외,1
913,(주)한독,2390,2007/12,,1,32102,  의료용 물질 및 의약품 제조업,1
914,(주)한미글로벌건축사사무소,53690,2007/12,,1,137201,"  건축기술, 엔지니어링 및 기타 과학기술 서비스업",1
915,(주)한빛소프트,47080,2007/12,,1,105802,  출판업,5
916,(주)한샘,9240,2007/12,,1,74604,  도매 및 상품 중개업,1
917,(주)한섬,20000,2007/12,,1,31401,"  의복, 의복 액세서리 및 모피제품 제조업",1
918,(주)한솔케미칼,14680,2007/12,,1,32001,  화학물질 및 화학제품 제조업; 의약품 제외,1
919,(주)한솔홈데코,25750,2007/12,,1,31601,  목재 및 나무제품 제조업; 가구 제외,1
920,(주)한익스프레스,14130,2007/12,,1,84903,  육상운송 및 파이프라인 운송업,1
921,(주)한진,2320,2007/12,,1,84903,  육상운송 및 파이프라인 운송업,1
922,(주)한진중공업홀딩스,3480,2007/12,,1,43502,"  전기, 가스, 증기 및 공기조절 공급업",1
923,(주)한창,5110,2007/12,,1,74605,  도매 및 상품 중개업,1
924,(주)한창제지,9460,2007/12,,1,31701,"  펄프, 종이 및 종이제품 제조업",1
925,(주)한컴라이프케어,372910,2007/12,,1,32701,"  의료, 정밀, 광학기기 및 시계 제조업",1
926,(주)한컴위드,54920,2007/12,,1,105802,  출판업,5
927,(주)한탑,2680,2007/12,,1,31006,  식료품 제조업,5
928,(주)한화,880,2007/12,,1,32004,  화학물질 및 화학제품 제조업; 의약품 제외,1
929,(주)해성티피씨,59270,2007/12,,1,32509,  금속가공제품 제조업; 기계 및 가구 제외,5
930,(주)헬릭스미스,84990,2007/12,,1,137001,  연구개발업,5
931,(주)현대공업,170030,2007/12,,1,33003,  자동차 및 트레일러 제조업,5
932,(주)현대리바트,79430,2007/12,,1,33201,  가구 제조업,1
933,(주)현대미포조선,10620,2007/12,,1,33101,  기타 운송장비 제조업,1
934,(주)현대바이오랜드,52260,2007/12,,1,32004,  화학물질 및 화학제품 제조업; 의약품 제외,5
935,(주)현대백화점,69960,2007/12,,1,74701,  소매업; 자동차 제외,1
936,(주)현대에버다임,41440,2007/12,,1,32902,  기타 기계 및 장비 제조업,5
937,(주)현대이지웰,90850,2007/12,,1,105802,  출판업,5
938,(주)현대지에프홀딩스,5440,2007/12,,1,137105,  전문 서비스업,1
939,(주)현대퓨처넷,126560,2007/12,,1,106102,  우편 및 통신업,1
940,(주)현대홈쇼핑,57050,2007/12,,1,74709,  소매업; 자동차 제외,1
941,(주)형지아이앤씨,11080,2007/12,,1,31401,"  의복, 의복 액세서리 및 모피제품 제조업",5
942,(주)형지엘리트,93240,2007/12,,1,31401,"  의복, 의복 액세서리 및 모피제품 제조업",1
943,(주)혜인,3010,2007/12,,1,74605,  도매 및 상품 중개업,1
944,(주)호텔신라,8770,2007/12,,1,74708,  소매업; 자동차 제외,1
945,(주)홈센타홀딩스,60560,2007/12,,1,74607,  도매 및 상품 중개업,5
946,(주)홈캐스트,64240,2007/12,,1,32605,"  전자부품, 컴퓨터, 영상, 음향 및 통신장비 제조업",5
947,(주)화승인더스트리,6060,2007/12,,1,32202,  고무 및 플라스틱제품 제조업,1
948,(주)화승코퍼레이션,13520,2007/12,,1,33003,  자동차 및 트레일러 제조업,1
949,(주)화신,10690,2007/12,,1,33003,  자동차 및 트레일러 제조업,1
950,(주)화인베스틸,133820,2007/12,,1,32401,  1차 금속 제조업,1
951,(주)화인써키트,127980,2007/12,,1,32602,"  전자부품, 컴퓨터, 영상, 음향 및 통신장비 제조업",5
952,(주)황금에스티,32560,2007/12,,1,32402,  1차 금속 제조업,1
953,(주)효성,4800,2007/12,,1,137105,  전문 서비스업,1
954,(주)후성,93370,2007/12,,1,32001,  화학물질 및 화학제품 제조업; 의약품 제외,1
955,(주)휠라홀딩스,81660,2007/12,,1,74604,  도매 및 상품 중개업,1
956,(주)휴니드테크놀러지스,5870,2007/12,,1,32604,"  전자부품, 컴퓨터, 영상, 음향 및 통신장비 제조업",1
957,(주)휴림에이텍,78590,2007/12,,1,33003,  자동차 및 트레일러 제조업,5
958,(주)휴맥스홀딩스,28080,2007/12,,1,106201,"  컴퓨터 프로그래밍, 시스템 통합 및 관리업",5
959,(주)휴메딕스,200670,2007/12,,1,32102,  의료용 물질 및 의약품 제조업,5
960,(주)휴비스,79980,2007/12,,1,32005,  화학물질 및 화학제품 제조업; 의약품 제외,1
961,(주)휴비츠,65510,2007/12,,1,32701,"  의료, 정밀, 광학기기 및 시계 제조업",5
962,(주)휴스틸,5010,2007/12,,1,32401,  1차 금속 제조업,1
963,(주)휴온스글로벌,84110,2007/12,,1,32102,  의료용 물질 및 의약품 제조업,5
964,(주)흥국,10240,2007/12,,1,32902,  기타 기계 및 장비 제조업,5
965,(주)희림종합건축사사무소,37440,2007/12,,1,137201,"  건축기술, 엔지니어링 및 기타 과학기술 서비스업",5
966,(주)힘스,238490,2007/12,,1,32902,  기타 기계 및 장비 제조업,5
967,AJ네트웍스(주),95570,2007/12,,1,147603,  임대업; 부동산 제외,1
968,CS홀딩스(주),590,2007/12,,1,137105,  전문 서비스업,1
969,HJ 매그놀리아 용평 호텔 앤 리조트,70960,2007/06,,1,95501,  숙박업,1
970,KB오토시스(주),24120,2007/12,,1,33003,  자동차 및 트레일러 제조업,5
971,KD(주),44180,2007/12,,1,64101,  종합 건설업,5
972,KG스틸(주),16380,2007/12,,1,32401,  1차 금속 제조업,1
973,KISCO홀딩스(주),1940,2007/12,,1,32401,  1차 금속 제조업,1
974,LG이노텍(주),11070,2007/12,,1,32602,"  전자부품, 컴퓨터, 영상, 음향 및 통신장비 제조업",1
975,LS일렉트릭(주),10120,2007/12,,1,32801,  전기장비 제조업,1
976,SK이노베이션(주),96770,2007/12,,1,31902,"  코크스, 연탄 및 석유정제품 제조업",1
977,SNT다이내믹스(주),3570,2007/12,,1,33003,  자동차 및 트레일러 제조업,1
978,SNT모티브(주),64960,2007/12,,1,33003,  자동차 및 트레일러 제조업,1
979,STX엔진(주),77970,2007/12,,1,32901,  기타 기계 및 장비 제조업,1
980,STX중공업(주),71970,2007/12,,1,32901,  기타 기계 및 장비 제조업,1
981,가온그룹(주),78890,2007/12,,1,32604,"  전자부품, 컴퓨터, 영상, 음향 및 통신장비 제조업",5
982,가온전선(주),500,2007/12,,1,32803,  전기장비 제조업,1
983,감성코퍼레이션(주),36620,2007/12,,1,74607,  도매 및 상품 중개업,5
984,강남제비스코(주),860,2007/12,,1,32004,  화학물질 및 화학제품 제조업; 의약품 제외,1
985,갤럭시아머니트리(주),94480,2007/12,,1,105802,  출판업,5
986,경남스틸(주),39240,2007/12,,1,32401,  1차 금속 제조업,5
987,경남제약(주),53950,2007/12,,1,32102,  의료용 물질 및 의약품 제조업,5
988,경동제약(주),11040,2007/12,,1,32102,  의료용 물질 및 의약품 제조업,5
989,경인전자(주),9140,2007/12,,1,32602,"  전자부품, 컴퓨터, 영상, 음향 및 통신장비 제조업",1
990,경창산업(주),24910,2007/12,,1,33003,  자동차 및 트레일러 제조업,5
991,계룡건설산업(주),13580,2007/12,,1,64102,  종합 건설업,1
992,계양전기(주),12200,2007/12,,1,32901,  기타 기계 및 장비 제조업,1
993,고려산업(주),2140,2007/12,,1,31006,  식료품 제조업,1
994,고려신용정보(주),49720,2007/12,,1,147509,  사업지원 서비스업,5
995,고려아연(주),10130,2007/12,,1,32402,  1차 금속 제조업,1
996,고려제강(주),2240,2007/12,,1,32401,  1차 금속 제조업,1
997,고려제약(주),14570,2007/12,,1,32102,  의료용 물질 및 의약품 제조업,5
998,광동제약(주),9290,2007/12,,1,32102,  의료용 물질 및 의약품 제조업,1
999,광전자(주),17900,2007/12,,1,32601,"  전자부품, 컴퓨터, 영상, 음향 및 통신장비 제조업",1
1000,광진실업(주),26910,2007/12,,1,32401,  1차 금속 제조업,5
1001,교촌에프앤비(주),339770,2007/12,,1,74603,  도매 및 상품 중개업,1
1002,국도화학(주),7690,2007/12,,1,32001,  화학물질 및 화학제품 제조업; 의약품 제외,1
1003,국일신동(주),60480,2007/12,,1,32402,  1차 금속 제조업,5
1004,국일제지(주),78130,2007/12,,1,31709,"  펄프, 종이 및 종이제품 제조업",6
1005,국제약품(주),2720,2007/03,,1,32102,  의료용 물질 및 의약품 제조업,1
1006,그랜드코리아레저(주),114090,2007/12,,1,189102,  스포츠 및 오락관련 서비스업,1
1007,그린생명과학(주),114450,2007/12,,1,32101,  의료용 물질 및 의약품 제조업,5
1008,그린케미칼(주),83420,2007/12,,1,32004,  화학물질 및 화학제품 제조업; 의약품 제외,1
1009,극동유화(주),14530,2007/12,,1,31902,"  코크스, 연탄 및 석유정제품 제조업",1
1010,글로본(주),19660,2007/12,,1,74608,  도매 및 상품 중개업,5
1011,금강공업(주),14280,2007/12,,1,32401,  1차 금속 제조업,1
1012,금강철강(주),53260,2007/12,,1,32401,  1차 금속 제조업,5
1013,금호건설(주),2990,2007/12,,1,64101,  종합 건설업,1
1014,금호석유화학(주),11780,2007/12,,1,32001,  화학물질 및 화학제품 제조업; 의약품 제외,1
1015,금호전기(주),1210,2007/12,,1,32804,  전기장비 제조업,1
1016,금호타이어(주),73240,2007/12,,1,32201,  고무 및 플라스틱제품 제조업,1
1017,기신정기(주),92440,2007/03,,1,32902,  기타 기계 및 장비 제조업,1
1018,기아(주),270,2007/12,,1,33001,  자동차 및 트레일러 제조업,1
1019,깨끗한나라(주),4540,2007/12,,1,31701,"  펄프, 종이 및 종이제품 제조업",1
1020,나노씨엠에스(주),247660,2007/12,,1,32602,"  전자부품, 컴퓨터, 영상, 음향 및 통신장비 제조업",5
1021,나노캠텍(주),91970,2007/12,,1,32202,  고무 및 플라스틱제품 제조업,5
1022,나라엠앤디(주),51490,2007/12,,1,32902,  기타 기계 및 장비 제조업,5
1023,나이스정보통신(주),36800,2007/12,,1,106102,  우편 및 통신업,5
1024,나이스평가정보(주),30190,2007/12,,1,106309,  정보서비스업,1
1025,남광토건(주),1260,2007/12,,1,64102,  종합 건설업,1
1026,남양유업(주),3920,2007/12,,1,31005,  식료품 제조업,1
1027,남해화학(주),25860,2007/12,,1,32003,  화학물질 및 화학제품 제조업; 의약품 제외,1
1028,남화산업(주),111710,2007/12,,1,189101,  스포츠 및 오락관련 서비스업,5
1029,남화토건(주),91590,2007/12,,1,64101,  종합 건설업,5
1030,네이버(주),35420,2007/12,,1,106301,  정보서비스업,1
1031,넥센타이어(주),2350,2007/12,,1,32201,  고무 및 플라스틱제품 제조업,1
1032,넥스틸(주),92790,2007/12,,1,32401,  1차 금속 제조업,1
1033,농업회사법인(주)농우바이오,54050,2007/10,,1,10101,  농업,5
1034,다스코(주),58730,2007/12,,1,32501,  금속가공제품 제조업; 기계 및 가구 제외,1
1035,대동금속(주),20400,2007/12,,1,32403,  1차 금속 제조업,5
1036,대동기어(주),8830,2007/12,,1,32902,  기타 기계 및 장비 제조업,5
1037,대동전자(주),8110,2007/03,,1,32604,"  전자부품, 컴퓨터, 영상, 음향 및 통신장비 제조업",3
1038,대림비앤코(주),5750,2007/12,,1,32302,  비금속 광물제품 제조업,1
1039,대림통상(주),6570,2007/12,,1,32509,  금속가공제품 제조업; 기계 및 가구 제외,1
1040,대모엔지니어링(주),317850,2007/12,,1,32902,  기타 기계 및 장비 제조업,5
1041,대봉엘에스(주),78140,2007/12,,1,32102,  의료용 물질 및 의약품 제조업,5
1042,대상(주),1680,2007/12,,1,31007,  식료품 제조업,1
1043,대상홀딩스(주),84690,2007/12,,1,137105,  전문 서비스업,1
1044,대성홀딩스(주),16710,2007/12,,1,137105,  전문 서비스업,1
1045,대신정보통신(주),20180,2007/03,,1,106201,"  컴퓨터 프로그래밍, 시스템 통합 및 관리업",5
1046,대아티아이(주),45390,2007/12,,1,32809,  전기장비 제조업,5
1047,대양전기공업(주),108380,2007/12,,1,33101,  기타 운송장비 제조업,5
1048,대양제지공업(주),6580,2007/12,,1,31701,"  펄프, 종이 및 종이제품 제조업",6
1049,대영포장(주),14160,2007/12,,1,31702,"  펄프, 종이 및 종이제품 제조업",1
1050,대우전자부품(주),9320,2007/12,,1,33003,  자동차 및 트레일러 제조업,1
1051,대원강업(주),430,2007/12,,1,33003,  자동차 및 트레일러 제조업,1
1052,대원미디어(주),48910,2007/12,,1,74607,  도매 및 상품 중개업,5
1053,대원산업(주),5710,2007/12,,1,33003,  자동차 및 트레일러 제조업,5
1054,대원전선(주),6340,2007/12,,1,32803,  전기장비 제조업,1
1055,대원제약(주),3220,2007/12,,1,32102,  의료용 물질 및 의약품 제조업,1
1056,대원화성(주),24890,2007/12,,1,32202,  고무 및 플라스틱제품 제조업,1
1057,대정화금(주),120240,2007/12,,1,32001,  화학물질 및 화학제품 제조업; 의약품 제외,5
1058,대주산업(주),3310,2007/12,,1,31008,  식료품 제조업,5
1059,대주전자재료(주),78600,2007/12,,1,32602,"  전자부품, 컴퓨터, 영상, 음향 및 통신장비 제조업",5
1060,대창단조(주),15230,2007/12,,1,33003,  자동차 및 트레일러 제조업,1
1061,대한광통신(주),10170,2007/12,,1,32803,  전기장비 제조업,5
1062,대한그린파워(주),60900,2007/12,,1,43501,"  전기, 가스, 증기 및 공기조절 공급업",5
1063,대한뉴팜(주),54670,2007/12,,1,32102,  의료용 물질 및 의약품 제조업,5
1064,대한방직(주),1070,2007/12,,1,31302,  섬유제품 제조업; 의복제외,1
1065,대한약품공업(주),23910,2007/12,,1,32102,  의료용 물질 및 의약품 제조업,5
1066,대한유화(주),6650,2007/12,,1,32001,  화학물질 및 화학제품 제조업; 의약품 제외,1
1067,대한전선(주),1440,2007/12,,1,32803,  전기장비 제조업,1
1068,대한제강(주),84010,2007/03,,1,32401,  1차 금속 제조업,1
1069,대한제당(주),1790,2007/12,,1,31006,  식료품 제조업,1
1070,대한제분(주),1130,2007/12,,1,31006,  식료품 제조업,1
1071,대한해운(주),5880,2007/12,,1,85001,  수상 운송업,1
1072,대한화섬(주),3830,2007/12,,1,32005,  화학물질 및 화학제품 제조업; 의약품 제외,1
1073,대화제약(주),67080,2007/12,,1,32102,  의료용 물질 및 의약품 제조업,5
1074,더라미(주),32860,2007/12,,1,53803,"  폐기물 수집, 운반, 처리 및 원료 재생업",6
1075,더이앤엠(주),89230,2007/12,,1,106309,  정보서비스업,5
1076,덕산하이메탈(주),77360,2007/12,,1,32601,"  전자부품, 컴퓨터, 영상, 음향 및 통신장비 제조업",5
1077,덕양산업(주),24900,2007/12,,1,33003,  자동차 및 트레일러 제조업,1
1078,덕우전자(주),263600,2007/12,,1,32602,"  전자부품, 컴퓨터, 영상, 음향 및 통신장비 제조업",5
1079,도이치모터스(주),67990,2007/12,,1,74501,  자동차 및 부품 판매업,5
1080,동국산업(주),5160,2007/12,,1,32401,  1차 금속 제조업,5
1081,동국제약(주),86450,2007/12,,1,32102,  의료용 물질 및 의약품 제조업,5
1082,동국홀딩스(주),1230,2007/12,,1,32401,  1차 금속 제조업,1
1083,동부건설(주),5960,2007/12,,1,64102,  종합 건설업,1
1084,동성제약(주),2210,2007/12,,1,32102,  의료용 물질 및 의약품 제조업,1
1085,동신건설(주),25950,2007/12,,1,64102,  종합 건설업,5
1086,동아쏘시오홀딩스(주),640,2007/12,,1,137105,  전문 서비스업,1
1087,동아화성(주),41930,2007/12,,1,32201,  고무 및 플라스틱제품 제조업,5
1088,동양이엔피(주),79960,2007/12,,1,32801,  전기장비 제조업,5
1089,동양철관(주),8970,2007/12,,1,32401,  1차 금속 제조업,1
1090,동양피스톤(주),92780,2007/12,,1,33001,  자동차 및 트레일러 제조업,1
1091,동원금속(주),18500,2007/03,,1,33003,  자동차 및 트레일러 제조업,1
1092,동원산업(주),6040,2007/12,,1,137105,  전문 서비스업,1
1093,동원수산(주),30720,2007/12,,1,10301,  어업,1
1094,동원시스템즈(주),14820,2007/12,,1,32202,  고무 및 플라스틱제품 제조업,1
1095,동일금속(주),109860,2007/12,,1,32403,  1차 금속 제조업,5
1096,동일산업(주),4890,2007/12,,1,32401,  1차 금속 제조업,1
1097,동일제강(주),2690,2007/12,,1,32401,  1차 금속 제조업,1
1098,동일철강(주),23790,2007/03,,1,32401,  1차 금속 제조업,5
1099,동화기업(주),25900,2007/12,,1,31602,  목재 및 나무제품 제조업; 가구 제외,5
1100,동화약품(주),20,2007/03,,1,32102,  의료용 물질 및 의약품 제조업,1
1101,두산에너빌리티(주),34020,2007/12,,1,32901,  기타 기계 및 장비 제조업,1
1102,디씨엠(주),24090,2007/12,,1,32401,  1차 금속 제조업,1
1103,디아이동일(주),1530,2007/12,,1,74601,  도매 및 상품 중개업,1
1104,디아이티(주),110990,2007/12,,1,32902,  기타 기계 및 장비 제조업,5
1105,디에스알(주),155660,2007/06,,1,32402,  1차 금속 제조업,1
1106,디에스알제강(주),69730,2007/12,,1,32401,  1차 금속 제조업,1
1107,디엘(주),210,2007/12,,1,32001,  화학물질 및 화학제품 제조업; 의약품 제외,1
1108,디엘건설(주),1880,2007/12,,1,64101,  종합 건설업,1
1109,디와이(주),13570,2007/12,,1,137105,  전문 서비스업,1
1110,디와이피엔에프(주),104460,2007/12,,1,32901,  기타 기계 및 장비 제조업,5
1111,디젠스(주),113810,2007/12,,1,33003,  자동차 및 트레일러 제조업,5
1112,디케이락(주),105740,2007/12,,1,32901,  기타 기계 및 장비 제조업,5
1113,라온시큐어(주),42510,2007/12,,1,105802,  출판업,5
1114,램테크놀러지(주),171010,2007/12,,1,32001,  화학물질 및 화학제품 제조업; 의약품 제외,5
1115,로체시스템즈(주),71280,2007/12,,1,32902,  기타 기계 및 장비 제조업,5
1116,롯데관광개발(주),32350,2007/12,,1,147502,  사업지원 서비스업,1
1117,롯데렌탈(주),89860,2007/12,,1,147601,  임대업; 부동산 제외,1
1118,롯데쇼핑(주),23530,2007/12,,1,74701,  소매업; 자동차 제외,1
1119,롯데에너지머티리얼즈(주),20150,2007/12,,1,32602,"  전자부품, 컴퓨터, 영상, 음향 및 통신장비 제조업",1
1120,롯데정밀화학(주),4000,2007/12,,1,32001,  화학물질 및 화학제품 제조업; 의약품 제외,1
1121,롯데지주(주),4990,2007/12,,1,137105,  전문 서비스업,1
1122,롯데칠성음료(주),5300,2007/12,,1,31102,  음료 제조업,1
1123,롯데케미칼(주),11170,2007/12,,1,32001,  화학물질 및 화학제품 제조업; 의약품 제외,1
1124,롯데하이마트(주),71840,2007/12,,1,74703,  소매업; 자동차 제외,1
1125,리노공업(주),58470,2007/12,,1,32602,"  전자부품, 컴퓨터, 영상, 음향 및 통신장비 제조업",5
1126,마이크로로봇(주),182690,2007/12,,1,74605,  도매 및 상품 중개업,6
1127,만호제강(주),1080,2007/06,,1,32401,  1차 금속 제조업,3
1128,매일홀딩스(주),5990,2007/12,,1,31005,  식료품 제조업,5
1129,메가스터디(주),72870,2007/12,,1,105801,  출판업,5
1130,메디앙스(주),14100,2007/12,,1,32004,  화학물질 및 화학제품 제조업; 의약품 제외,5
1131,메디포스트(주),78160,2007/12,,1,32101,  의료용 물질 및 의약품 제조업,5
1132,명문제약(주),17180,2007/12,,1,32102,  의료용 물질 및 의약품 제조업,1
1133,명신산업(주),9900,2007/12,,1,33003,  자동차 및 트레일러 제조업,1
1134,모델솔루션(주),417970,2007/12,,1,32902,  기타 기계 및 장비 제조업,5
1135,모바일어플라이언스(주),87260,2007/12,,1,105802,  출판업,5
1136,무림에스피(주),1810,2007/12,,1,31701,"  펄프, 종이 및 종이제품 제조업",5
1137,무림페이퍼(주),9200,2007/12,,1,31701,"  펄프, 종이 및 종이제품 제조업",1
1138,무림피앤피(주),9580,2007/12,,1,31701,"  펄프, 종이 및 종이제품 제조업",1
1139,문배철강(주),8420,2007/12,,1,32401,  1차 금속 제조업,1
1140,미래나노텍(주),95500,2007/12,,1,32202,  고무 및 플라스틱제품 제조업,5
1141,미래반도체(주),254490,2007/12,,1,74607,  도매 및 상품 중개업,5
1142,미래산업(주),25560,2007/12,,1,32702,"  의료, 정밀, 광학기기 및 시계 제조업",1
1143,미원상사(주),2840,2007/09,,1,32004,  화학물질 및 화학제품 제조업; 의약품 제외,1
1144,미창석유공업(주),3650,2007/12,,1,31902,"  코크스, 연탄 및 석유정제품 제조업",1
1145,백광산업(주),1340,2007/12,,1,32001,  화학물질 및 화학제품 제조업; 의약품 제외,1
1146,범양건영(주),2410,2007/12,,1,64101,  종합 건설업,1
1147,베뉴지(주),19010,2007/12,,1,74701,  소매업; 자동차 제외,5
1148,보성파워텍(주),6910,2007/09,,1,32501,  금속가공제품 제조업; 기계 및 가구 제외,5
1149,보해양조(주),890,2007/12,,1,31101,  음료 제조업,1
1150,부광약품(주),3000,2007/03,,1,32102,  의료용 물질 및 의약품 제조업,1
1151,부국철강(주),26940,2007/12,,1,32401,  1차 금속 제조업,1
1152,부산산업(주),11390,2007/12,,1,32303,  비금속 광물제품 제조업,1
1153,부산주공(주),5030,2007/12,,1,33003,  자동차 및 트레일러 제조업,1
1154,브레인즈컴퍼니(주),99390,2007/12,,1,105802,  출판업,5
1155,비나텍(주),126340,2007/12,,1,32602,"  전자부품, 컴퓨터, 영상, 음향 및 통신장비 제조업",5
1156,비디아이(주),148140,2007/12,,1,32902,  기타 기계 및 장비 제조업,6
1157,비에이치아이(주),83650,2007/12,,1,32901,  기타 기계 및 장비 제조업,5
1158,비케이탑스(주),30790,2007/12,,1,106201,"  컴퓨터 프로그래밍, 시스템 통합 및 관리업",3
1159,빛샘전자(주),72950,2007/12,,1,32602,"  전자부품, 컴퓨터, 영상, 음향 및 통신장비 제조업",5
1160,사조동아원(주),8040,2007/09,,1,31006,  식료품 제조업,1
1161,사조산업(주),7160,2007/12,,1,10301,  어업,1
1162,사조씨푸드(주),14710,2007/12,,1,31002,  식료품 제조업,1
1163,삼륭물산(주),14970,2007/12,,1,31702,"  펄프, 종이 및 종이제품 제조업",5
1164,삼목에스폼(주),18310,2007/12,,1,32501,  금속가공제품 제조업; 기계 및 가구 제외,5
1165,삼보모터스(주),53700,2007/12,,1,33003,  자동차 및 트레일러 제조업,5
1166,삼보산업(주),9620,2007/12,,1,32402,  1차 금속 제조업,5
1167,삼부토건(주),1470,2007/12,,1,64102,  종합 건설업,1
1168,삼성SDI(주),6400,2007/12,,1,32802,  전기장비 제조업,1
1169,삼성공조(주),6660,2007/12,,1,33003,  자동차 및 트레일러 제조업,1
1170,삼성물산(주),28260,2007/12,,1,74607,  도매 및 상품 중개업,1
1171,삼성에스디에스(주),18260,2007/12,,1,106201,"  컴퓨터 프로그래밍, 시스템 통합 및 관리업",1
1172,삼성엔지니어링(주),28050,2007/12,,1,137201,"  건축기술, 엔지니어링 및 기타 과학기술 서비스업",1
1173,삼성전기(주),9150,2007/12,,1,32602,"  전자부품, 컴퓨터, 영상, 음향 및 통신장비 제조업",1
1174,삼성전자(주),5930,2007/12,,1,32604,"  전자부품, 컴퓨터, 영상, 음향 및 통신장비 제조업",1
1175,삼성제약(주),1360,2007/12,,1,32102,  의료용 물질 및 의약품 제조업,1
1176,삼성중공업(주),10140,2007/12,,1,33101,  기타 운송장비 제조업,1
1177,삼아알미늄(주),6110,2007/12,,1,32402,  1차 금속 제조업,1
1178,삼아제약(주),9300,2007/12,,1,32102,  의료용 물질 및 의약품 제조업,5
1179,삼양식품(주),3230,2007/12,,1,31007,  식료품 제조업,1
1180,삼양통상(주),2170,2007/12,,1,31501,"  가죽, 가방 및 신발 제조업",1
1181,삼영무역(주),2810,2007/12,,1,74607,  도매 및 상품 중개업,1
1182,삼영엠텍(주),54540,2007/12,,1,32501,  금속가공제품 제조업; 기계 및 가구 제외,5
1183,삼영이엔씨(주),65570,2007/12,,1,32604,"  전자부품, 컴퓨터, 영상, 음향 및 통신장비 제조업",5
1184,삼영전자공업(주),5680,2007/12,,1,32602,"  전자부품, 컴퓨터, 영상, 음향 및 통신장비 제조업",1
1185,삼익티에이치케이(주),4380,2007/12,,1,32901,  기타 기계 및 장비 제조업,1
1186,삼일제약(주),520,2007/12,,1,32102,  의료용 물질 및 의약품 제조업,1
1187,삼정펄프(주),9770,2007/12,,1,31701,"  펄프, 종이 및 종이제품 제조업",1
1188,삼지전자(주),37460,2007/12,,1,32604,"  전자부품, 컴퓨터, 영상, 음향 및 통신장비 제조업",5
1189,삼진제약(주),5500,2007/12,,1,32102,  의료용 물질 및 의약품 제조업,1
1190,삼천당제약(주),250,2007/12,,1,32102,  의료용 물질 및 의약품 제조업,5
1191,삼천리자전거(주),24950,2007/12,,1,74604,  도매 및 상품 중개업,5
1192,삼현철강(주),17480,2007/12,,1,32401,  1차 금속 제조업,5
1193,삼호개발(주),10960,2007/12,,1,64201,  전문직별 공사업,1
1194,삼화왕관(주),4450,2007/12,,1,32509,  금속가공제품 제조업; 기계 및 가구 제외,1
1195,삼화전기(주),9470,2007/12,,1,32602,"  전자부품, 컴퓨터, 영상, 음향 및 통신장비 제조업",1
1196,삼화전자공업(주),11230,2007/12,,1,32605,"  전자부품, 컴퓨터, 영상, 음향 및 통신장비 제조업",1
1197,삼화콘덴서공업(주),1820,2007/12,,1,32602,"  전자부품, 컴퓨터, 영상, 음향 및 통신장비 제조업",1
1198,삼화페인트공업(주),390,2007/12,,1,32004,  화학물질 및 화학제품 제조업; 의약품 제외,1
1199,상신브레이크(주),41650,2007/12,,1,33003,  자동차 및 트레일러 제조업,1
1200,상신이디피(주),91580,2007/12,,1,32802,  전기장비 제조업,5
1201,새론오토모티브(주),75180,2007/12,,1,33003,  자동차 및 트레일러 제조업,1
1202,샘표(주),7540,2007/12,,1,137105,  전문 서비스업,1
1203,서암기계공업(주),100660,2007/12,,1,32901,  기타 기계 및 장비 제조업,5
1204,서울도시가스(주),17390,2007/12,,1,43502,"  전기, 가스, 증기 및 공기조절 공급업",1
1205,서울바이오시스(주),92190,2007/12,,1,32601,"  전자부품, 컴퓨터, 영상, 음향 및 통신장비 제조업",5
1206,서울반도체(주),46890,2007/12,,1,32601,"  전자부품, 컴퓨터, 영상, 음향 및 통신장비 제조업",5
1207,서울식품공업(주),4410,2007/12,,1,31007,  식료품 제조업,1
1208,서울전자통신(주),27040,2007/12,,1,32801,  전기장비 제조업,5
1209,서호전기(주),65710,2007/12,,1,32801,  전기장비 제조업,5
1210,선도전기(주),7610,2007/12,,1,32801,  전기장비 제조업,3
1211,선바이오(주),67370,2007/12,,1,32102,  의료용 물질 및 의약품 제조업,5
1212,선진뷰티사이언스(주),86710,2007/12,,1,32004,  화학물질 및 화학제품 제조업; 의약품 제외,5
1213,성문전자(주),14910,2007/12,,1,32602,"  전자부품, 컴퓨터, 영상, 음향 및 통신장비 제조업",1
1214,성보화학(주),3080,2007/12,,1,32003,  화학물질 및 화학제품 제조업; 의약품 제외,1
1215,성신양회(주),4980,2007/12,,1,32303,  비금속 광물제품 제조업,1
1216,성우전자(주),81580,2007/12,,1,32604,"  전자부품, 컴퓨터, 영상, 음향 및 통신장비 제조업",5
1217,성우테크론(주),45300,2007/12,,1,32602,"  전자부품, 컴퓨터, 영상, 음향 및 통신장비 제조업",5
1218,성창기업지주(주),180,2007/09,,1,137105,  전문 서비스업,1
1219,성호전자(주),43260,2007/12,,1,32602,"  전자부품, 컴퓨터, 영상, 음향 및 통신장비 제조업",5
1220,세기상사(주),2420,2007/12,,1,74707,  소매업; 자동차 제외,1
1221,세명전기공업(주),17510,2007/12,,1,32509,  금속가공제품 제조업; 기계 및 가구 제외,5
1222,세방(주),4360,2007/12,,1,84903,  육상운송 및 파이프라인 운송업,1
1223,세방전지(주),4490,2007/12,,1,32802,  전기장비 제조업,1
1224,세원이앤씨(주),91090,2007/12,,1,32501,  금속가공제품 제조업; 기계 및 가구 제외,3
1225,세종공업(주),33530,2007/12,,1,33003,  자동차 및 트레일러 제조업,1
1226,세종텔레콤(주),36630,2007/12,,1,106102,  우편 및 통신업,5
1227,소니드(주),60230,2007/12,,1,32004,  화학물질 및 화학제품 제조업; 의약품 제외,5
1228,솔브레인홀딩스(주),36830,2007/12,,1,137105,  전문 서비스업,5
1229,송원산업(주),4430,2007/12,,1,32004,  화학물질 및 화학제품 제조업; 의약품 제외,1
1230,시그네틱스(주),33170,2007/12,,1,32601,"  전자부품, 컴퓨터, 영상, 음향 및 통신장비 제조업",5
1231,신대양제지(주),16590,2007/12,,1,31702,"  펄프, 종이 및 종이제품 제조업",1
1232,신라교역(주),4970,2007/12,,1,10301,  어업,1
1233,신라섬유(주),1000,2007/12,,1,74703,  소매업; 자동차 제외,5
1234,신라에스지(주),25870,2007/12,,1,74603,  도매 및 상품 중개업,5
1235,신성델타테크(주),65350,2007/12,,1,32805,  전기장비 제조업,5
1236,신성통상(주),5390,2007/06,,1,74607,  도매 및 상품 중개업,1
1237,신세계건설(주),34300,2007/12,,1,64101,  종합 건설업,1
1238,신송홀딩스(주),6880,2007/12,,1,74602,  도매 및 상품 중개업,1
1239,신신제약(주),2800,2007/12,,1,32102,  의료용 물질 및 의약품 제조업,5
1240,신원종합개발(주),17000,2007/12,,1,64101,  종합 건설업,5
1241,신일전자(주),2700,2007/12,,1,74605,  도매 및 상품 중개업,1
1242,신일제약(주),12790,2007/12,,1,32102,  의료용 물질 및 의약품 제조업,5
1243,신풍제약(주),19170,2007/12,,1,32102,  의료용 물질 및 의약품 제조업,1
1244,신화인터텍(주),56700,2007/12,,1,32202,  고무 및 플라스틱제품 제조업,5
1245,쌍용씨앤이(주),3410,2007/12,,1,32303,  비금속 광물제품 제조업,1
1246,쌍용정보통신(주),10280,2007/12,,1,106201,"  컴퓨터 프로그래밍, 시스템 통합 및 관리업",5
1247,써니전자(주),4770,2007/12,,1,32602,"  전자부품, 컴퓨터, 영상, 음향 및 통신장비 제조업",1
1248,씨비아이(주),13720,2007/12,,1,33003,  자동차 및 트레일러 제조업,5
1249,씨앤지하이테크(주),264660,2007/12,,1,32902,  기타 기계 및 장비 제조업,5
1250,씨앤티85(주),56730,2007/12,,1,64202,  전문직별 공사업,5
1251,씨에스윈드(주),112610,2007/12,,1,32501,  금속가공제품 제조업; 기계 및 가구 제외,1
1252,씨유테크(주),376290,2007/12,,1,32602,"  전자부품, 컴퓨터, 영상, 음향 및 통신장비 제조업",5
1253,씨제이(주),1040,2007/12,,1,137105,  전문 서비스업,1
1254,씨제이대한통운(주),120,2007/12,,1,84903,  육상운송 및 파이프라인 운송업,1
1255,씨제이씨지브이(주),79160,2007/12,,1,105901,  영상ㆍ오디오 기록물 제작 및 배급업,1
1256,씨제이씨푸드(주),11150,2007/12,,1,31007,  식료품 제조업,1
1257,씨제이제일제당(주),97950,2007/12,,1,31007,  식료품 제조업,1
1258,씨제이프레시웨이(주),51500,2007/12,,1,74603,  도매 및 상품 중개업,5
1259,씨지인바이츠(주),83790,2007/12,,1,137001,  연구개발업,5
1260,씨큐브(주),101240,2007/12,,1,32001,  화학물질 및 화학제품 제조업; 의약품 제외,5
1261,아남전자(주),8700,2007/12,,1,32605,"  전자부품, 컴퓨터, 영상, 음향 및 통신장비 제조업",1
1262,아미코젠(주),92040,2007/12,,1,31007,  식료품 제조업,5
1263,아비코전자(주),36010,2007/12,,1,32602,"  전자부품, 컴퓨터, 영상, 음향 및 통신장비 제조업",5
1264,아세아(주),2030,2007/12,,1,137105,  전문 서비스업,1
1265,아세아제지(주),2310,2007/12,,1,31702,"  펄프, 종이 및 종이제품 제조업",1
1266,아시아나아이디티(주),267850,2007/12,,1,106201,"  컴퓨터 프로그래밍, 시스템 통합 및 관리업",1
1267,아시아나항공(주),20560,2007/12,,1,85101,  항공 운송업,1
1268,아이쓰리시스템(주),214430,2007/12,,1,32602,"  전자부품, 컴퓨터, 영상, 음향 및 통신장비 제조업",5
1269,아이에스동서(주),10780,2007/12,,1,32303,  비금속 광물제품 제조업,1
1270,아이크래프트(주),52460,2007/12,,1,106201,"  컴퓨터 프로그래밍, 시스템 통합 및 관리업",5
1271,아이텍(주),119830,2007/12,,1,137309,"  기타 전문, 과학 및 기술 서비스업",5
1272,아주스틸(주),139990,2007/12,,1,32401,  1차 금속 제조업,1
1273,아진산업(주),13310,2007/12,,1,33003,  자동차 및 트레일러 제조업,5
1274,안국약품(주),1540,2007/12,,1,32102,  의료용 물질 및 의약품 제조업,5
1275,알리코제약(주),260660,2007/12,,1,32103,  의료용 물질 및 의약품 제조업,5
1276,애경산업(주),18250,2007/12,,1,32004,  화학물질 및 화학제품 제조업; 의약품 제외,1
1277,어보브반도체(주),102120,2007/12,,1,32601,"  전자부품, 컴퓨터, 영상, 음향 및 통신장비 제조업",5
1278,에스넷시스템(주),38680,2007/12,,1,106201,"  컴퓨터 프로그래밍, 시스템 통합 및 관리업",5
1279,에스디엔(주),99220,2007/12,,1,74605,  도매 및 상품 중개업,5
1280,에스비더블유생명과학(주),151910,2007/12,,1,32602,"  전자부품, 컴퓨터, 영상, 음향 및 통신장비 제조업",5
1281,에스씨아이평가정보(주),36120,2007/12,,1,106309,  정보서비스업,5
1282,에스엔유프리시젼(주),80000,2007/12,,1,32902,  기타 기계 및 장비 제조업,5
1283,에스엔케이폴리텍(주),91340,2007/12,,1,32602,"  전자부품, 컴퓨터, 영상, 음향 및 통신장비 제조업",5
1284,에스엘(주),5850,2007/03,,1,33003,  자동차 및 트레일러 제조업,1
1285,에스와이(주),109610,2007/12,,1,32501,  금속가공제품 제조업; 기계 및 가구 제외,5
1286,에스유홀딩스(주),31860,2007/12,,1,74608,  도매 및 상품 중개업,5
1287,에스지씨에너지(주),5090,2007/12,,1,43501,"  전기, 가스, 증기 및 공기조절 공급업",1
1288,에스지씨이테크건설(주),16250,2007/12,,1,64101,  종합 건설업,5
1289,에스지에이(주),49470,2007/12,,1,105802,  출판업,5
1290,에스케이(주),34730,2007/12,,1,137105,  전문 서비스업,1
1291,에스케이가스(주),18670,2007/12,,1,74607,  도매 및 상품 중개업,1
1292,에스케이네트웍스(주),1740,2007/12,,1,74607,  도매 및 상품 중개업,1
1293,에스케이디스커버리(주),6120,2007/12,,1,137105,  전문 서비스업,1
1294,에스케이디앤디(주),210980,2007/12,,1,126801,  부동산업,1
1295,에스케이렌터카(주),68400,2007/12,,1,147601,  임대업; 부동산 제외,1
1296,에스케이씨(주),11790,2007/12,,1,32004,  화학물질 및 화학제품 제조업; 의약품 제외,1
1297,에스케이오션플랜트(주),100090,2007/12,,1,32401,  1차 금속 제조업,1
1298,에스케이텔레콤(주),17670,2007/12,,1,106102,  우편 및 통신업,1
1299,에스케이하이닉스(주),660,2007/12,,1,32601,"  전자부품, 컴퓨터, 영상, 음향 및 통신장비 제조업",1
1300,에스텍(주),69510,2007/12,,1,32605,"  전자부품, 컴퓨터, 영상, 음향 및 통신장비 제조업",5
1301,에쓰-오일(주),10950,2007/12,,1,31902,"  코크스, 연탄 및 석유정제품 제조업",1
1302,에쓰씨엔지니어링(주),23960,2007/12,,1,64102,  종합 건설업,1
1303,에어부산(주),298690,2007/12,,1,85101,  항공 운송업,1
1304,에이치디씨(주),12630,2007/12,,1,137105,  전문 서비스업,1
1305,에이치디씨랩스(주),39570,2007/12,,1,64203,  전문직별 공사업,1
1306,에이치디씨현대이피(주),89470,2007/12,,1,32004,  화학물질 및 화학제품 제조업; 의약품 제외,1
1307,에이치디한국조선해양(주),9540,2007/12,,1,137105,  전문 서비스업,1
1308,에이치디현대인프라코어(주),42670,2007/12,,1,32902,  기타 기계 및 장비 제조업,1
1309,에이치비솔루션(주),297890,2007/12,,1,32902,  기타 기계 및 장비 제조업,5
1310,에이치에스디엔진(주),82740,2007/12,,1,32901,  기타 기계 및 장비 제조업,1
1311,에이치엘디앤아이한라(주),14790,2007/12,,1,64102,  종합 건설업,1
1312,에이치엘비(주),28300,2007/12,,1,32103,  의료용 물질 및 의약품 제조업,5
1313,에이치엘비글로벌(주),3580,2007/12,,1,20702,  비금속광물 광업; 연료용 제외,1
1314,에이치엘비생명과학(주),67630,2007/12,,1,32103,  의료용 물질 및 의약품 제조업,5
1315,에이치엘비이노베이션(주),24850,2007/12,,1,32602,"  전자부품, 컴퓨터, 영상, 음향 및 통신장비 제조업",5
1316,에이치엘비제약(주),47920,2007/12,,1,137001,  연구개발업,5
1317,에이치엘비테라퓨틱스(주),115450,2007/12,,1,74607,  도매 및 상품 중개업,5
1318,에이치엘비파나진(주),46210,2007/12,,1,32103,  의료용 물질 및 의약품 제조업,5
1319,에이치엘홀딩스(주),60980,2007/12,,1,137105,  전문 서비스업,1
1320,에이치엠엠(주),11200,2007/12,,1,85001,  수상 운송업,1
1321,에이케이홀딩스(주),6840,2007/12,,1,137105,  전문 서비스업,1
1322,에이테크솔루션(주),71670,2007/12,,1,32902,  기타 기계 및 장비 제조업,5
1323,에이피티씨(주),89970,2007/12,,1,32902,  기타 기계 및 장비 제조업,5
1324,에코바이오홀딩스(주),38870,2007/12,,1,147401,  사업시설 관리 및 조경 서비스업,5
1325,에코볼트(주),97780,2007/12,,1,33003,  자동차 및 트레일러 제조업,5
1326,에코플라스틱(주),38110,2007/12,,1,33003,  자동차 및 트레일러 제조업,5
1327,에프엔에스테크(주),83500,2007/12,,1,32902,  기타 기계 및 장비 제조업,5
1328,엑스큐어(주),70300,2007/12,,1,105802,  출판업,5
1329,엔브이에이치코리아(주),67570,2007/12,,1,33003,  자동차 및 트레일러 제조업,5
1330,엔시트론(주),101400,2007/12,,1,32601,"  전자부품, 컴퓨터, 영상, 음향 및 통신장비 제조업",5
1331,엔에이치엔케이씨피(주),60250,2007/12,,1,106309,  정보서비스업,5
1332,엔피씨(주),4250,2007/12,,1,32202,  고무 및 플라스틱제품 제조업,1
1333,엘비세미콘(주),61970,2007/12,,1,32601,"  전자부품, 컴퓨터, 영상, 음향 및 통신장비 제조업",5
1334,엘아이지넥스원(주),79550,2007/12,,1,32502,  금속가공제품 제조업; 기계 및 가구 제외,1
1335,엘에스마린솔루션(주),60370,2007/12,,1,64203,  전문직별 공사업,5
1336,엘지디스플레이(주),34220,2007/12,,1,32602,"  전자부품, 컴퓨터, 영상, 음향 및 통신장비 제조업",1
1337,엘지전자(주),66570,2007/12,,1,32604,"  전자부품, 컴퓨터, 영상, 음향 및 통신장비 제조업",1
1338,엘컴텍(주),37950,2007/12,,1,32602,"  전자부품, 컴퓨터, 영상, 음향 및 통신장비 제조업",5
1339,엠케이전자(주),33160,2007/12,,1,32602,"  전자부품, 컴퓨터, 영상, 음향 및 통신장비 제조업",5
1340,영보화학(주),14440,2007/12,,1,32202,  고무 및 플라스틱제품 제조업,1
1341,영진약품(주),3520,2007/12,,1,32102,  의료용 물질 및 의약품 제조업,1
1342,영풍정밀(주),36560,2007/12,,1,32901,  기타 기계 및 장비 제조업,5
1343,영풍제지(주),6740,2007/12,,1,31702,"  펄프, 종이 및 종이제품 제조업",1
1344,영화금속(주),12280,2007/12,,1,33003,  자동차 및 트레일러 제조업,1
1345,영화테크(주),265560,2007/12,,1,33003,  자동차 및 트레일러 제조업,5
1346,예스이십사(주),53280,2007/12,,1,74709,  소매업; 자동차 제외,5
1347,오로라월드(주),39830,2007/12,,1,137302,"  기타 전문, 과학 및 기술 서비스업",5
1348,오상자이엘(주),53980,2007/12,,1,105802,  출판업,5
1349,오성첨단소재(주),52420,2007/12,,1,32202,  고무 및 플라스틱제품 제조업,5
1350,오씨아이홀딩스(주),10060,2007/12,,1,32001,  화학물질 및 화학제품 제조업; 의약품 제외,1
1351,옴니시스템(주),57540,2007/12,,1,32702,"  의료, 정밀, 광학기기 및 시계 제조업",5
1352,옵티시스(주),109080,2007/12,,1,32604,"  전자부품, 컴퓨터, 영상, 음향 및 통신장비 제조업",5
1353,와이더블유(주),51390,2007/12,,1,74608,  도매 및 상품 중개업,5
1354,와이씨켐(주),112290,2007/12,,1,32004,  화학물질 및 화학제품 제조업; 의약품 제외,5
1355,와토스코리아(주),79000,2007/12,,1,32202,  고무 및 플라스틱제품 제조업,5
1356,우리바이오(주),82850,2007/12,,1,32804,  전기장비 제조업,5
1357,우리산업홀딩스(주),72470,2007/12,,1,33003,  자동차 및 트레일러 제조업,5
1358,우리손에프앤지농업회사법인(주),73560,2007/12,,1,31001,  식료품 제조업,5
1359,우리엔터프라이즈(주),37400,2007/12,,1,74608,  도매 및 상품 중개업,5
1360,우림피티에스(주),101170,2007/12,,1,32901,  기타 기계 및 장비 제조업,5
1361,우수AMS(주),66590,2007/12,,1,33003,  자동차 및 트레일러 제조업,5
1362,우원개발(주),46940,2007/12,,1,64201,  전문직별 공사업,5
1363,우진비앤지(주),18620,2007/12,,1,32102,  의료용 물질 및 의약품 제조업,5
1364,원풍물산(주),8290,2007/12,,1,31401,"  의복, 의복 액세서리 및 모피제품 제조업",5
1365,웰바이오텍(주),10600,2007/12,,1,74601,  도매 및 상품 중개업,1
1366,웰킵스하이텍(주),43590,2007/12,,1,32601,"  전자부품, 컴퓨터, 영상, 음향 및 통신장비 제조업",5
1367,웹케시(주),53580,2007/12,,1,105802,  출판업,5
1368,위즈코프(주),38620,2007/12,,1,74707,  소매업; 자동차 제외,5
1369,유니셈(주),36200,2007/12,,1,32902,  기타 기계 및 장비 제조업,5
1370,유니슨(주),18000,2007/12,,1,32901,  기타 기계 및 장비 제조업,5
1371,유니온머티리얼(주),47400,2007/12,,1,32302,  비금속 광물제품 제조업,1
1372,유니퀘스트(주),77500,2007/12,,1,74605,  도매 및 상품 중개업,1
1373,유비벨록스(주),89850,2007/12,,1,105802,  출판업,5
1374,유성기업(주),2920,2007/12,,1,33003,  자동차 및 트레일러 제조업,1
1375,유아이엘(주),49520,2007/12,,1,32602,"  전자부품, 컴퓨터, 영상, 음향 및 통신장비 제조업",5
1376,유엔젤(주),72130,2007/12,,1,106301,  정보서비스업,1
1377,유진기업(주),23410,2007/12,,1,32303,  비금속 광물제품 제조업,5
1378,율촌화학(주),8730,2007/12,,1,32202,  고무 및 플라스틱제품 제조업,1
1379,이건산업(주),8250,2007/12,,1,31602,  목재 및 나무제품 제조업; 가구 제외,1
1380,이구산업(주),25820,2007/12,,1,32402,  1차 금속 제조업,1
1381,이노시스(주),56090,2007/12,,1,32701,"  의료, 정밀, 광학기기 및 시계 제조업",6
1382,이니텍(주),53350,2007/12,,1,105802,  출판업,5
1383,이엠코리아(주),95190,2007/12,,1,32509,  금속가공제품 제조업; 기계 및 가구 제외,5
1384,이연제약(주),102460,2007/12,,1,32102,  의료용 물질 및 의약품 제조업,1
1385,이원컴포텍(주),88290,2007/12,,1,33003,  자동차 및 트레일러 제조업,5
1386,이지케어텍(주),99750,2007/12,,1,105802,  출판업,5
1387,이트론(주),96040,2007/12,,1,74607,  도매 및 상품 중개업,6
1388,이화공영(주),1840,2007/12,,1,64101,  종합 건설업,5
1389,이화산업(주),760,2007/03,,1,74607,  도매 및 상품 중개업,1
1390,이화전기공업(주),24810,2007/12,,1,32801,  전기장비 제조업,6
1391,인베니아(주),79950,2007/12,,1,32902,  기타 기계 및 장비 제조업,5
1392,인선이엔티(주),60150,2007/12,,1,53802,"  폐기물 수집, 운반, 처리 및 원료 재생업",5
1393,인지컨트롤스(주),23800,2007/12,,1,33003,  자동차 및 트레일러 제조업,1
1394,인천도시가스(주),34590,2007/12,,1,43502,"  전기, 가스, 증기 및 공기조절 공급업",1
1395,인탑스(주),49070,2007/12,,1,32604,"  전자부품, 컴퓨터, 영상, 음향 및 통신장비 제조업",5
1396,인터지스(주),129260,2007/12,,1,84903,  육상운송 및 파이프라인 운송업,1
1397,인포뱅크(주),39290,2007/12,,1,106309,  정보서비스업,5
1398,인화정공(주),101930,2007/12,,1,33101,  기타 운송장비 제조업,5
1399,일동홀딩스(주),230,2007/03,,1,32102,  의료용 물질 및 의약품 제조업,1
1400,일성건설(주),13360,2007/12,,1,64102,  종합 건설업,1
1401,일성신약(주),3120,2007/12,,1,32102,  의료용 물질 및 의약품 제조업,1
1402,일신방직(주),3200,2007/12,,1,31301,  섬유제품 제조업; 의복제외,1
1403,일양약품(주),7570,2007/03,,1,32102,  의료용 물질 및 의약품 제조업,1
1404,일정실업(주),8500,2007/12,,1,31303,  섬유제품 제조업; 의복제외,3
1405,일진다이아몬드(주),81000,2007/12,,1,32004,  화학물질 및 화학제품 제조업; 의약품 제외,1
1406,일진디스플레이(주),20760,2007/12,,1,32601,"  전자부품, 컴퓨터, 영상, 음향 및 통신장비 제조업",1
1407,일진홀딩스(주),15860,2007/12,,1,137105,  전문 서비스업,1
1408,자이에스앤디(주),317400,2007/12,,1,126801,  부동산업,1
1409,자화전자(주),33240,2007/12,,1,32602,"  전자부품, 컴퓨터, 영상, 음향 및 통신장비 제조업",1
1410,재영솔루텍(주),49630,2007/12,,1,32703,"  의료, 정밀, 광학기기 및 시계 제조업",5
1411,전방(주),950,2007/12,,1,31301,  섬유제품 제조업; 의복제외,1
1412,전진바이오팜(주),110020,2007/12,,1,32004,  화학물질 및 화학제품 제조업; 의약품 제외,5
1413,제너셈(주),217190,2007/12,,1,32902,  기타 기계 및 장비 제조업,5
1414,제룡전기(주),33100,2007/12,,1,32801,  전기장비 제조업,5
1415,제이더블유생명과학(주),234080,2007/12,,1,32102,  의료용 물질 및 의약품 제조업,1
1416,제이더블유신약(주),67290,2007/12,,1,32102,  의료용 물질 및 의약품 제조업,5
1417,제이더블유중외제약(주),1060,2007/12,,1,32102,  의료용 물질 및 의약품 제조업,1
1418,제이더블유홀딩스(주),96760,2007/12,,1,137105,  전문 서비스업,1
1419,제이스코홀딩스(주),23440,2007/12,,1,32401,  1차 금속 제조업,5
1420,제이씨케미칼(주),137950,2007/12,,1,32004,  화학물질 및 화학제품 제조업; 의약품 제외,5
1421,제이씨현시스템(주),33320,2007/12,,1,74605,  도매 및 상품 중개업,5
1422,제이엔케이히터(주),126880,2007/12,,1,32901,  기타 기계 및 장비 제조업,5
1423,제이엠아이(주),33050,2007/12,,1,31802,  인쇄 및 기록매체 복제업,5
1424,제이엠티(주),94970,2007/12,,1,32602,"  전자부품, 컴퓨터, 영상, 음향 및 통신장비 제조업",5
1425,제이준코스메틱(주),25620,2007/12,,1,32004,  화학물질 및 화학제품 제조업; 의약품 제외,1
1426,제일연마공업(주),1560,2007/12,,1,32309,  비금속 광물제품 제조업,1
1427,제일전기공업(주),199820,2007/12,,1,32801,  전기장비 제조업,5
1428,제일파마홀딩스(주),2620,2007/12,,1,137105,  전문 서비스업,1
1429,조광아이엘아이(주),44060,2007/12,,1,32901,  기타 기계 및 장비 제조업,6
1430,조광페인트(주),4910,2007/12,,1,32004,  화학물질 및 화학제품 제조업; 의약품 제외,1
1431,조광피혁(주),4700,2007/12,,1,31501,"  가죽, 가방 및 신발 제조업",1
1432,조아제약(주),34940,2007/12,,1,32102,  의료용 물질 및 의약품 제조업,5
1433,조일알미늄(주),18470,2007/12,,1,32402,  1차 금속 제조업,1
1434,주성엔지니어링(주),36930,2007/12,,1,32902,  기타 기계 및 장비 제조업,5
1435,지더블유바이텍(주),36180,2007/12,,1,74605,  도매 및 상품 중개업,5
1436,지에스건설(주),6360,2007/12,,1,64101,  종합 건설업,1
1437,지에이치신소재(주),130500,2007/12,,1,31309,  섬유제품 제조업; 의복제외,5
1438,지엠비코리아(주),13870,2007/12,,1,33003,  자동차 및 트레일러 제조업,1
1439,진양산업(주),3780,2007/12,,1,32202,  고무 및 플라스틱제품 제조업,1
1440,진양제약(주),7370,2007/12,,1,32102,  의료용 물질 및 의약품 제조업,5
1441,진양폴리우레탄(주),10640,2007/12,,1,32202,  고무 및 플라스틱제품 제조업,1
1442,진양화학(주),51630,2007/12,,1,32202,  고무 및 플라스틱제품 제조업,1
1443,진원생명과학(주),11000,2007/12,,1,32102,  의료용 물질 및 의약품 제조업,1
1444,진흥기업(주),2780,2007/12,,1,64102,  종합 건설업,1
1445,참엔지니어링(주),9310,2007/12,,1,32902,  기타 기계 및 장비 제조업,1
1446,참좋은여행(주),94850,2007/12,,1,147502,  사업지원 서비스업,5
1447,카페24(주),42000,2007/12,,1,106301,  정보서비스업,5
1448,케이디켐(주),221980,2007/12,,1,32004,  화학물질 및 화학제품 제조업; 의약품 제외,5
1449,케이비아이동국실업(주),1620,2007/12,,1,33003,  자동차 및 트레일러 제조업,1
1450,케이비아이메탈(주),24840,2007/12,,1,32402,  1차 금속 제조업,5
1451,케이씨그린홀딩스(주),9440,2007/12,,1,137105,  전문 서비스업,1
1452,케이아이비플러그에너지(주),15590,2007/12,,1,32901,  기타 기계 및 장비 제조업,1
1453,케이알모터스(주),40,2007/12,,1,33109,  기타 운송장비 제조업,1
1454,케이에이치전자(주),111870,2007/12,,1,32605,"  전자부품, 컴퓨터, 영상, 음향 및 통신장비 제조업",6
1455,케이엔솔(주),53080,2007/12,,1,32901,  기타 기계 및 장비 제조업,5
1456,케이지모빌리티(주),3620,2007/12,,1,33001,  자동차 및 트레일러 제조업,1
1457,케이지이티에스(주),151860,2007/12,,1,32004,  화학물질 및 화학제품 제조업; 의약품 제외,5
1458,케이지케미칼(주),1390,2007/12,,1,32001,  화학물질 및 화학제품 제조업; 의약품 제외,1
1459,케이피엑스케미칼(주),25000,2007/12,,1,32001,  화학물질 및 화학제품 제조업; 의약품 제외,1
1460,케이피엑스홀딩스(주),92230,2007/12,,1,32001,  화학물질 및 화학제품 제조업; 의약품 제외,1
1461,코나아이(주),52400,2007/12,,1,105802,  출판업,5
1462,코스맥스비티아이(주),44820,2007/12,,1,137105,  전문 서비스업,1
1463,코스맥스엔비티(주),222040,2007/12,,1,31007,  식료품 제조업,5
1464,코스모신소재(주),5070,2007/12,,1,32004,  화학물질 및 화학제품 제조업; 의약품 제외,1
1465,코스모화학(주),5420,2007/12,,1,32004,  화학물질 및 화학제품 제조업; 의약품 제외,1
1466,코오롱글로벌(주),3070,2007/12,,1,64102,  종합 건설업,1
1467,코오롱생명과학(주),102940,2007/12,,1,32101,  의료용 물질 및 의약품 제조업,5
1468,코오롱플라스틱(주),138490,2007/12,,1,32002,  화학물질 및 화학제품 제조업; 의약품 제외,1
1469,코웨이(주),21240,2007/12,,1,199609,  기타 개인 서비스업,1
1470,코웰패션(주),33290,2007/12,,1,74704,  소매업; 자동차 제외,5
1471,코위버(주),56360,2007/12,,1,32604,"  전자부품, 컴퓨터, 영상, 음향 및 통신장비 제조업",5
1472,쿠쿠홀딩스(주),192400,2007/06,,1,137105,  전문 서비스업,1
1473,퀀타피아(주),78940,2007/12,,1,74604,  도매 및 상품 중개업,5
1474,큐렉소(주),60280,2007/12,,1,74708,  소매업; 자동차 제외,5
1475,크루셜텍(주),114120,2007/12,,1,32602,"  전자부품, 컴퓨터, 영상, 음향 및 통신장비 제조업",6
1476,태경산업(주),15890,2007/12,,1,32001,  화학물질 및 화학제품 제조업; 의약품 제외,1
1477,태경케미컬(주),6890,2007/12,,1,32001,  화학물질 및 화학제품 제조업; 의약품 제외,1
1478,태광산업(주),3240,2007/12,,1,32005,  화학물질 및 화학제품 제조업; 의약품 제외,1
1479,태림포장(주),11280,2007/12,,1,31702,"  펄프, 종이 및 종이제품 제조업",1
1480,태양금속공업(주),4100,2007/12,,1,33003,  자동차 및 트레일러 제조업,1
1481,태원물산(주),1420,2007/12,,1,33003,  자동차 및 트레일러 제조업,1
1482,태평양물산(주),7980,2007/12,,1,31401,"  의복, 의복 액세서리 및 모피제품 제조업",1
1483,테라사이언스(주),73640,2007/12,,1,32509,  금속가공제품 제조업; 기계 및 가구 제외,5
1484,텔코웨어(주),78000,2007/12,,1,106301,  정보서비스업,1
1485,티와이엠(주),2900,2007/12,,1,32902,  기타 기계 및 장비 제조업,1
1486,티제이미디어(주),32540,2007/12,,1,32605,"  전자부품, 컴퓨터, 영상, 음향 및 통신장비 제조업",5
1487,티케이지애강(주),22220,2007/12,,1,32202,  고무 및 플라스틱제품 제조업,5
1488,티케이지휴켐스(주),69260,2007/12,,1,32004,  화학물질 및 화학제품 제조업; 의약품 제외,1
1489,팅크웨어(주),84730,2007/12,,1,32604,"  전자부품, 컴퓨터, 영상, 음향 및 통신장비 제조업",5
1490,파나케이아(주),58530,2007/12,,1,32902,  기타 기계 및 장비 제조업,6
1491,파미셀(주),5690,2007/12,,1,32101,  의료용 물질 및 의약품 제조업,1
1492,팜젠사이언스(주),4720,2007/12,,1,32102,  의료용 물질 및 의약품 제조업,1
1493,팬오션(주),28670,2007/12,,1,85001,  수상 운송업,1
1494,퍼스텍(주),10820,2007/12,,1,32502,  금속가공제품 제조업; 기계 및 가구 제외,1
1495,페이퍼코리아(주),1020,2007/12,,1,31701,"  펄프, 종이 및 종이제품 제조업",1
1496,평화산업(주),90080,2007/12,,1,33003,  자동차 및 트레일러 제조업,1
1497,평화홀딩스(주),10770,2007/12,,1,33003,  자동차 및 트레일러 제조업,1
1498,포스코스틸리온(주),58430,2007/12,,1,32401,  1차 금속 제조업,1
1499,포스코홀딩스(주),5490,2007/12,,1,32401,  1차 금속 제조업,1
1500,풍국주정공업(주),23900,2007/12,,1,31101,  음료 제조업,5
1501,풍원정밀(주),371950,2007/12,,1,32602,"  전자부품, 컴퓨터, 영상, 음향 및 통신장비 제조업",5
1502,피앤씨테크(주),237750,2007/12,,1,32801,  전기장비 제조업,5
1503,피에스케이홀딩스(주),31980,2007/12,,1,32902,  기타 기계 및 장비 제조업,5
1504,피에스텍(주),2230,2007/12,,1,32702,"  의료, 정밀, 광학기기 및 시계 제조업",5
1505,피에이치에이(주),43370,2007/12,,1,33003,  자동차 및 트레일러 제조업,5
1506,하나마이크론(주),67310,2007/12,,1,32601,"  전자부품, 컴퓨터, 영상, 음향 및 통신장비 제조업",5
1507,하나머티리얼즈(주),166090,2007/12,,1,32601,"  전자부품, 컴퓨터, 영상, 음향 및 통신장비 제조업",5
1508,하나제약(주),293480,2007/12,,1,32102,  의료용 물질 및 의약품 제조업,1
1509,하이록코리아(주),13030,2007/12,,1,32401,  1차 금속 제조업,5
1510,하이즈항공(주),221840,2007/12,,1,33103,  기타 운송장비 제조업,5
1511,하이트진로(주),80,2007/12,,1,31101,  음료 제조업,1
1512,하이트진로홀딩스(주),140,2007/12,,1,137105,  전문 서비스업,1
1513,한국가스공사(주),36460,2007/12,,1,43502,"  전기, 가스, 증기 및 공기조절 공급업",1
1514,한국공항(주),5430,2007/12,,1,85209,  창고 및 운송관련 서비스업,1
1515,한국기업평가(주),34950,2007/12,,1,147509,  사업지원 서비스업,5
1516,한국내화(주),10040,2007/12,,1,32302,  비금속 광물제품 제조업,1
1517,한국단자공업(주),25540,2007/12,,1,32801,  전기장비 제조업,1
1518,한국맥널티(주),222980,2007/12,,1,31007,  식료품 제조업,5
1519,한국무브넥스(주),10100,2007/12,,1,33003,  자동차 및 트레일러 제조업,1
1520,한국석유공업(주),4090,2007/12,,1,32309,  비금속 광물제품 제조업,1
1521,한국선재(주),25550,2007/12,,1,32401,  1차 금속 제조업,5
1522,한국수출포장공업(주),2200,2007/12,,1,31702,"  펄프, 종이 및 종이제품 제조업",1
1523,한국쉘석유(주),2960,2007/12,,1,31902,"  코크스, 연탄 및 석유정제품 제조업",1
1524,한국알콜산업(주),17890,2007/12,,1,32004,  화학물질 및 화학제품 제조업; 의약품 제외,5
1525,한국앤컴퍼니(주),240,2007/12,,1,137105,  전문 서비스업,1
1526,한국유나이티드제약(주),33270,2007/03,,1,32102,  의료용 물질 및 의약품 제조업,1
1527,한국유니온제약(주),80720,2007/12,,1,32102,  의료용 물질 및 의약품 제조업,5
1528,한국전력공사(주),15760,2007/12,,1,43501,"  전기, 가스, 증기 및 공기조절 공급업",1
1529,한국전력기술(주),52690,2007/12,,1,137201,"  건축기술, 엔지니어링 및 기타 과학기술 서비스업",1
1530,한국전자금융(주),63570,2007/12,,1,147509,  사업지원 서비스업,5
1531,한국정밀기계(주),101680,2007/12,,1,32902,  기타 기계 및 장비 제조업,5
1532,한국정보공학(주),39740,2007/12,,1,74607,  도매 및 상품 중개업,5
1533,한국정보인증(주),53300,2007/12,,1,105802,  출판업,5
1534,한국정보통신(주),25770,2007/12,,1,106102,  우편 및 통신업,5
1535,한국제지(주),27970,2007/12,,1,31701,"  펄프, 종이 및 종이제품 제조업",1
1536,한국주강(주),25890,2007/12,,1,32902,  기타 기계 및 장비 제조업,1
1537,한국주철관공업(주),970,2007/03,,1,32401,  1차 금속 제조업,1
1538,한국지역난방공사,71320,2007/12,,1,43503,"  전기, 가스, 증기 및 공기조절 공급업",1
1539,한국컴퓨터(주),54040,2007/12,,1,32602,"  전자부품, 컴퓨터, 영상, 음향 및 통신장비 제조업",5
1540,한국콜마홀딩스(주),24720,2007/03,,1,137105,  전문 서비스업,1
1541,한국항공우주산업(주),47810,2007/12,,1,33103,  기타 운송장비 제조업,1
1542,한라아이엠에스(주),92460,2007/12,,1,33101,  기타 운송장비 제조업,5
1543,한미반도체(주),42700,2007/12,,1,32902,  기타 기계 및 장비 제조업,1
1544,한미사이언스(주),8930,2007/12,,1,137105,  전문 서비스업,1
1545,한성기업(주),3680,2007/12,,1,31002,  식료품 제조업,1
1546,한세엠케이(주),69640,2007/12,,1,74704,  소매업; 자동차 제외,1
1547,한세예스24홀딩스(주),16450,2007/12,,1,31401,"  의복, 의복 액세서리 및 모피제품 제조업",1
1548,한솔로지스틱스(주),9180,2007/12,,1,85209,  창고 및 운송관련 서비스업,1
1549,한솔아이원스(주),114810,2007/12,,1,32902,  기타 기계 및 장비 제조업,5
1550,한솔인티큐브(주),70590,2007/12,,1,106201,"  컴퓨터 프로그래밍, 시스템 통합 및 관리업",5
1551,한솔테크닉스(주),4710,2007/12,,1,32602,"  전자부품, 컴퓨터, 영상, 음향 및 통신장비 제조업",1
1552,한솔피엔에스(주),10420,2007/12,,1,74607,  도매 및 상품 중개업,1
1553,한솔홀딩스(주),4150,2007/12,,1,137105,  전문 서비스업,1
1554,한스바이오메드(주),42520,2007/09,,1,32103,  의료용 물질 및 의약품 제조업,5
1555,한신공영(주),4960,2007/12,,1,64101,  종합 건설업,1
1556,한신기계공업(주),11700,2007/12,,1,32901,  기타 기계 및 장비 제조업,1
1557,한양디지텍(주),78350,2007/12,,1,32601,"  전자부품, 컴퓨터, 영상, 음향 및 통신장비 제조업",5
1558,한양이엔지(주),45100,2007/12,,1,137201,"  건축기술, 엔지니어링 및 기타 과학기술 서비스업",5
1559,한온시스템(주),18880,2007/12,,1,32901,  기타 기계 및 장비 제조업,1
1560,한올바이오파마(주),9420,2007/12,,1,32102,  의료용 물질 및 의약품 제조업,1
1561,한일단조공업(주),24740,2007/12,,1,33003,  자동차 및 트레일러 제조업,5
1562,한일사료(주),5860,2007/12,,1,31008,  식료품 제조업,5
1563,한일철강(주),2220,2007/12,,1,32401,  1차 금속 제조업,1
1564,한일현대시멘트(주),6390,2007/12,,1,32303,  비금속 광물제품 제조업,1
1565,한일홀딩스(주),3300,2007/12,,1,32303,  비금속 광물제품 제조업,1
1566,한일화학공업(주),7770,2007/12,,1,32001,  화학물질 및 화학제품 제조업; 의약품 제외,5
1567,한전산업개발(주),130660,2007/12,,1,137201,"  건축기술, 엔지니어링 및 기타 과학기술 서비스업",1
1568,한전케이피에스(주),51600,2007/12,,1,64203,  전문직별 공사업,1
1569,한주라이트메탈(주),198940,2007/12,,1,32402,  1차 금속 제조업,5
1570,한창산업(주),79170,2007/12,,1,32402,  1차 금속 제조업,5
1571,한화솔루션(주),9830,2007/12,,1,32001,  화학물질 및 화학제품 제조업; 의약품 제외,1
1572,한화시스템(주),272210,2007/12,,1,32602,"  전자부품, 컴퓨터, 영상, 음향 및 통신장비 제조업",1
1573,한화에어로스페이스(주),12450,2007/12,,1,33103,  기타 운송장비 제조업,1
1574,한화오션(주),42660,2007/12,,1,33101,  기타 운송장비 제조업,1
1575,해성산업(주),34810,2007/12,,1,137105,  전문 서비스업,5
1576,해성옵틱스(주),76610,2007/12,,1,32703,"  의료, 정밀, 광학기기 및 시계 제조업",5
1577,해태제과식품(주),101530,2007/12,,1,31007,  식료품 제조업,1
1578,핸즈코퍼레이션(주),143210,2007/12,,1,33003,  자동차 및 트레일러 제조업,1
1579,현대건설(주),720,2007/12,,1,64102,  종합 건설업,1
1580,현대글로비스(주),86280,2007/12,,1,85209,  창고 및 운송관련 서비스업,1
1581,현대로템(주),64350,2007/12,,1,33102,  기타 운송장비 제조업,1
1582,현대모비스(주),12330,2007/12,,1,33003,  자동차 및 트레일러 제조업,1
1583,현대바이오사이언스(주),48410,2007/12,,1,32004,  화학물질 및 화학제품 제조업; 의약품 제외,5
1584,현대비앤지스틸(주),4560,2007/12,,1,32401,  1차 금속 제조업,1
1585,현대약품(주),4310,2007/11,,1,32102,  의료용 물질 및 의약품 제조업,1
1586,현대에이치티(주),39010,2007/12,,1,32604,"  전자부품, 컴퓨터, 영상, 음향 및 통신장비 제조업",5
1587,현대엘리베이터(주),17800,2007/12,,1,32901,  기타 기계 및 장비 제조업,1
1588,현대오토에버(주),307950,2007/12,,1,105802,  출판업,1
1589,현대위아(주),11210,2007/12,,1,33003,  자동차 및 트레일러 제조업,1
1590,현대자동차(주),5380,2007/12,,1,33001,  자동차 및 트레일러 제조업,1
1591,현대제철(주),4020,2007/12,,1,32401,  1차 금속 제조업,1
1592,현대코퍼레이션(주),11760,2007/12,,1,74608,  도매 및 상품 중개업,1
1593,현우산업(주),92300,2007/12,,1,32602,"  전자부품, 컴퓨터, 영상, 음향 및 통신장비 제조업",5
1594,호전실업(주),111110,2007/12,,1,31401,"  의복, 의복 액세서리 및 모피제품 제조업",1
1595,화성밸브(주),39610,2007/03,,1,32901,  기타 기계 및 장비 제조업,5
1596,화성산업(주),2460,2007/12,,1,64101,  종합 건설업,1
1597,화일약품(주),61250,2007/12,,1,32102,  의료용 물질 및 의약품 제조업,5
1598,화천기계(주),10660,2007/12,,1,32902,  기타 기계 및 장비 제조업,1
1599,화천기공(주),850,2007/12,,1,32902,  기타 기계 및 장비 제조업,1
1600,환인제약(주),16580,2007/12,,1,32102,  의료용 물질 및 의약품 제조업,1
1601,효성아이티엑스(주),94280,2007/12,,1,147509,  사업지원 서비스업,1
1602,효성오앤비(주),97870,2007/06,,1,32003,  화학물질 및 화학제품 제조업; 의약품 제외,5
1603,휴림네트웍스(주),192410,2007/12,,1,32604,"  전자부품, 컴퓨터, 영상, 음향 및 통신장비 제조업",5
1604,휴림로봇(주),90710,2007/12,,1,32902,  기타 기계 및 장비 제조업,5
1605,흥구석유(주),24060,2007/12,,1,74607,  도매 및 상품 중개업,5
1606,흥아해운(주),3280,2007/12,,1,85001,  수상 운송업,1
